Unix,Date,Symbol,Open,High,Low,Close,Volume ICP,Volume EUR,tradecount
1717286400000,2024-06-02,ICPEUR,11.17,11.206,10.864,10.939,1145.34,12649.3349,106
1717200000000,2024-06-01,ICPEUR,10.943,11.577,10.943,11.133,2362.8,26389.94036,119
1717113600000,2024-05-31,ICPEUR,10.969,11.099,10.741,10.916,846.29,9229.41679,103
1717027200000,2024-05-30,ICPEUR,11.231,11.365,10.88,10.95,2562.97,28421.15474,125
1716940800000,2024-05-29,ICPEUR,11.144,11.367,11.045,11.174,2480.92,27931.92984,109
1716854400000,2024-05-28,ICPEUR,11.343,11.439,11.0,11.145,1340.8,14960.68238,114
1716768000000,2024-05-27,ICPEUR,11.075,11.9,11.02,11.394,3958.48,44539.1513,129
1716681600000,2024-05-26,ICPEUR,11.365,11.564,11.05,11.195,3708.16,41945.49501,194
1716595200000,2024-05-25,ICPEUR,11.384,11.457,11.281,11.365,642.22,7297.99727,60
1716508800000,2024-05-24,ICPEUR,11.383,11.46,11.104,11.397,1955.74,22185.59514,119
1716422400000,2024-05-23,ICPEUR,11.799,11.979,10.873,11.348,5708.53,66357.36415,281
1716336000000,2024-05-22,ICPEUR,12.18,12.259,11.801,11.847,2616.88,31528.13696,174
1716249600000,2024-05-21,ICPEUR,12.277,12.62,12.025,12.172,15044.27,186439.45322,608
1716163200000,2024-05-20,ICPEUR,11.628,12.347,11.403,12.287,10178.9,120876.92526,510
1716076800000,2024-05-19,ICPEUR,12.188,12.4,11.546,11.57,6275.07,75140.52966,328
1715990400000,2024-05-18,ICPEUR,12.06,12.545,11.937,12.188,6441.95,79123.97502,327
1715904000000,2024-05-17,ICPEUR,11.208,12.139,11.087,12.036,5049.09,59719.44589,231
1715817600000,2024-05-16,ICPEUR,11.487,11.487,10.99,11.133,3729.54,42005.0526,236
1715731200000,2024-05-15,ICPEUR,11.0,11.679,10.872,11.472,8454.8,95697.96968,491
1715644800000,2024-05-14,ICPEUR,10.915,11.229,10.696,10.946,9898.8,109027.97192,576
1715558400000,2024-05-13,ICPEUR,10.934,11.324,10.42,10.909,5978.3,65626.6014,383
1715472000000,2024-05-12,ICPEUR,11.045,11.186,10.814,10.891,2085.63,22898.66389,146
1715385600000,2024-05-11,ICPEUR,11.028,11.341,10.991,11.002,1825.8,20340.88798,145
1715299200000,2024-05-10,ICPEUR,11.283,11.629,10.82,11.042,5871.36,65784.61833,376
1715212800000,2024-05-09,ICPEUR,11.151,11.444,10.99,11.301,2463.71,27563.56269,233
1715126400000,2024-05-08,ICPEUR,11.52,11.739,11.179,11.215,3381.62,38578.0895,293
1715040000000,2024-05-07,ICPEUR,11.876,12.131,11.58,11.608,2343.96,27893.20847,228
1714953600000,2024-05-06,ICPEUR,12.166,13.0,11.89,11.89,14841.58,184285.8672,613
1714867200000,2024-05-05,ICPEUR,12.273,12.327,11.953,12.026,6200.94,74650.90576,325
1714780800000,2024-05-04,ICPEUR,12.666,12.666,12.158,12.228,6088.36,75709.41711,289
1714694400000,2024-05-03,ICPEUR,12.659,13.0,12.075,12.694,54022.83,694569.5841,1833
1714608000000,2024-05-02,ICPEUR,12.349,12.72,12.103,12.631,4711.25,58739.76704,355
1714521600000,2024-05-01,ICPEUR,12.03,12.481,11.432,12.341,9181.19,110223.0035,498
1714435200000,2024-04-30,ICPEUR,12.524,12.675,11.586,12.075,6747.78,81116.9894,385
1714348800000,2024-04-29,ICPEUR,12.752,12.957,12.256,12.566,5669.91,71013.84739,357
1714262400000,2024-04-28,ICPEUR,12.515,13.204,12.515,12.616,4742.15,60700.2712,283
1714176000000,2024-04-27,ICPEUR,12.305,12.684,11.788,12.46,3860.5,46760.11815,262
1714089600000,2024-04-26,ICPEUR,12.776,12.907,12.183,12.226,3618.11,45371.241,236
1714003200000,2024-04-25,ICPEUR,12.864,13.172,12.47,12.811,4022.0,51578.34728,304
1713916800000,2024-04-24,ICPEUR,13.563,13.957,12.697,12.784,10117.72,134621.40899,523
1713830400000,2024-04-23,ICPEUR,14.203,14.328,13.5,13.564,5267.95,72617.76033,328
1713744000000,2024-04-22,ICPEUR,14.301,14.689,13.889,14.178,6449.7,92248.32249,454
1713657600000,2024-04-21,ICPEUR,14.582,15.438,13.992,14.28,5307.99,77330.64651,521
1713571200000,2024-04-20,ICPEUR,13.254,15.0,13.049,14.558,11745.38,165315.82757,766
1713484800000,2024-04-19,ICPEUR,11.994,13.58,11.136,13.049,9886.47,123522.64006,741
1713398400000,2024-04-18,ICPEUR,11.144,12.096,10.856,12.014,4637.03,53391.69243,365
1713312000000,2024-04-17,ICPEUR,11.503,11.754,10.715,11.156,3948.67,44481.65902,309
1713225600000,2024-04-16,ICPEUR,11.574,11.848,10.903,11.566,5704.2,64884.72671,442
1713139200000,2024-04-15,ICPEUR,12.08,12.935,11.23,11.6,8210.93,100895.79111,524
1713052800000,2024-04-14,ICPEUR,11.724,12.423,11.055,12.142,15940.72,188263.89661,781
1712966400000,2024-04-13,ICPEUR,13.111,13.111,10.285,11.77,37725.28,438195.41053,2831
1712880000000,2024-04-12,ICPEUR,14.521,14.707,11.781,13.159,15560.85,196829.86196,858
1712793600000,2024-04-11,ICPEUR,14.736,15.2,14.339,14.485,6980.16,103012.40994,547
1712707200000,2024-04-10,ICPEUR,14.85,14.929,13.8,14.734,7264.7,104862.13074,458
1712620800000,2024-04-09,ICPEUR,16.257,16.257,14.755,14.755,4395.0,68285.37824,405
1712534400000,2024-04-08,ICPEUR,15.77,16.659,15.535,16.338,3737.71,61032.30169,353
1712448000000,2024-04-07,ICPEUR,15.719,16.177,15.628,15.738,1543.64,24645.01267,193
1712361600000,2024-04-06,ICPEUR,15.563,15.916,15.47,15.76,2174.25,34186.65282,182
1712275200000,2024-04-05,ICPEUR,16.457,16.617,15.276,15.649,5046.46,79516.82296,392
1712188800000,2024-04-04,ICPEUR,16.526,17.998,16.168,16.48,7905.67,132874.16212,505
1712102400000,2024-04-03,ICPEUR,16.636,17.77,16.155,16.464,10500.29,178219.97111,756
1712016000000,2024-04-02,ICPEUR,16.801,17.334,15.42,16.673,15669.3,256620.74018,1151
1711929600000,2024-04-01,ICPEUR,17.422,17.893,16.1,16.829,17549.93,298263.9284,1129
1711843200000,2024-03-31,ICPEUR,16.557,17.639,16.292,17.457,10875.77,186141.09682,608
1711756800000,2024-03-30,ICPEUR,15.993,17.259,15.993,16.533,10287.94,172515.92333,674
1711670400000,2024-03-29,ICPEUR,16.705,17.364,15.781,15.995,7096.48,116606.99907,538
1711584000000,2024-03-28,ICPEUR,17.138,17.385,16.071,16.719,13433.7,223105.22959,883
1711497600000,2024-03-27,ICPEUR,17.705,19.386,16.784,16.982,39692.79,717672.32444,2205
1711411200000,2024-03-26,ICPEUR,16.209,18.97,15.937,17.657,38553.52,683727.26392,2249
1711324800000,2024-03-25,ICPEUR,14.023,16.483,13.958,16.259,37613.78,583029.32526,2435
1711238400000,2024-03-24,ICPEUR,12.516,14.168,12.516,14.05,32378.84,432031.02453,1383
1711152000000,2024-03-23,ICPEUR,12.14,12.834,11.885,12.485,5044.13,63046.96808,286
1711065600000,2024-03-22,ICPEUR,11.784,12.897,11.545,12.365,14340.99,175185.02904,730
1710979200000,2024-03-21,ICPEUR,10.917,12.028,10.68,11.797,16857.87,193177.04369,915
1710892800000,2024-03-20,ICPEUR,10.086,10.962,9.737,10.926,5982.24,62435.15187,364
1710806400000,2024-03-19,ICPEUR,11.417,11.577,9.86,10.144,15381.67,162961.26718,829
1710720000000,2024-03-18,ICPEUR,11.539,11.748,10.841,11.39,7142.24,81474.77424,447
1710633600000,2024-03-17,ICPEUR,11.381,11.746,10.647,11.577,6591.07,74802.48164,330
1710547200000,2024-03-16,ICPEUR,11.837,12.181,10.953,11.213,7486.84,86452.72161,434
1710460800000,2024-03-15,ICPEUR,12.854,12.943,11.0,11.826,18650.69,222577.20723,1319
1710374400000,2024-03-14,ICPEUR,13.22,13.402,12.0,12.781,11174.98,142639.08737,736
1710288000000,2024-03-13,ICPEUR,13.484,13.615,12.852,13.294,8612.2,114670.80615,672
1710201600000,2024-03-12,ICPEUR,13.646,13.817,12.528,13.498,23617.95,309073.52539,1709
1710115200000,2024-03-11,ICPEUR,12.927,13.957,12.282,13.587,24562.49,324028.00165,2205
1710028800000,2024-03-10,ICPEUR,13.519,13.562,12.545,12.939,14759.47,193694.00575,1266
1709942400000,2024-03-09,ICPEUR,13.417,14.025,13.281,13.519,13124.82,180189.21015,1161
1709856000000,2024-03-08,ICPEUR,13.732,13.868,12.799,13.419,10312.62,136999.3907,844
1709769600000,2024-03-07,ICPEUR,14.137,14.517,13.21,13.683,13377.12,183537.3352,869
1709683200000,2024-03-06,ICPEUR,12.997,14.357,12.63,14.112,31867.26,427232.88192,1986
1709596800000,2024-03-05,ICPEUR,12.387,15.6,10.491,12.963,77031.72,1064605.67645,5125
1709510400000,2024-03-04,ICPEUR,12.1,12.667,11.8,12.267,19094.12,234241.16787,952
1709424000000,2024-03-03,ICPEUR,12.279,12.821,11.782,12.124,11808.14,145499.96251,785
1709337600000,2024-03-02,ICPEUR,11.969,12.78,11.804,12.263,12711.96,154386.62719,784
1709251200000,2024-03-01,ICPEUR,11.795,12.031,11.641,11.969,4761.58,56388.01245,367
1709164800000,2024-02-29,ICPEUR,11.673,12.293,11.373,11.691,11363.46,136470.20332,853
1709078400000,2024-02-28,ICPEUR,12.115,12.467,10.0,11.577,14396.56,167241.26487,999
1708992000000,2024-02-27,ICPEUR,11.907,12.176,11.703,12.02,5166.17,61876.1116,364
1708905600000,2024-02-26,ICPEUR,11.549,11.963,11.18,11.873,5978.77,69509.15169,405
1708819200000,2024-02-25,ICPEUR,11.538,11.643,11.399,11.501,1961.62,22589.09352,145
1708732800000,2024-02-24,ICPEUR,11.401,11.69,11.135,11.572,2999.59,34441.83246,207
1708646400000,2024-02-23,ICPEUR,11.81,11.927,11.161,11.482,8907.85,102747.30399,390
1708560000000,2024-02-22,ICPEUR,12.117,12.237,11.724,11.829,23324.76,279402.75667,1364
1708473600000,2024-02-21,ICPEUR,12.754,12.754,11.7,12.197,6937.54,83101.17617,473
1708387200000,2024-02-20,ICPEUR,13.572,13.63,12.167,12.73,8261.31,106302.13192,524
1708300800000,2024-02-19,ICPEUR,12.661,13.792,12.525,13.522,16390.18,217419.3021,1299
1708214400000,2024-02-18,ICPEUR,12.26,13.0,12.251,12.672,14677.58,184806.31218,986
1708128000000,2024-02-17,ICPEUR,12.176,12.496,11.798,12.25,10412.38,126569.78239,675
1708041600000,2024-02-16,ICPEUR,12.564,12.7,11.984,12.195,10911.82,135040.83515,743
1707955200000,2024-02-15,ICPEUR,12.687,13.1,12.196,12.51,16527.83,208808.24199,1106
1707868800000,2024-02-14,ICPEUR,12.014,13.032,12.014,12.687,13572.1,172540.1154,779
1707782400000,2024-02-13,ICPEUR,12.312,12.447,11.836,12.028,6699.76,81270.73194,368
1707696000000,2024-02-12,ICPEUR,11.999,12.502,11.684,12.312,6999.17,85209.76822,438
1707609600000,2024-02-11,ICPEUR,12.184,12.528,11.886,11.987,4884.69,59594.73285,358
1707523200000,2024-02-10,ICPEUR,11.929,12.5,11.682,12.136,9317.21,113785.35394,752
1707436800000,2024-02-09,ICPEUR,11.345,12.075,11.324,11.914,6500.41,76511.79053,459
1707350400000,2024-02-08,ICPEUR,11.471,11.714,11.211,11.336,7065.15,80949.62581,455
1707264000000,2024-02-07,ICPEUR,11.265,11.502,10.948,11.375,5341.28,59966.61305,426
1707177600000,2024-02-06,ICPEUR,11.445,11.551,11.08,11.294,4405.64,49775.06911,327
1707091200000,2024-02-05,ICPEUR,11.828,12.066,11.251,11.412,5315.4,61944.65125,397
1707004800000,2024-02-04,ICPEUR,11.814,12.259,11.577,11.827,4905.7,58301.20318,377
1706918400000,2024-02-03,ICPEUR,11.823,12.66,11.633,11.817,10024.28,122203.20856,790
1706832000000,2024-02-02,ICPEUR,10.827,11.98,10.822,11.748,9769.0,112563.5489,767
1706745600000,2024-02-01,ICPEUR,10.757,10.931,10.418,10.737,4982.87,53487.62852,358
1706659200000,2024-01-31,ICPEUR,10.8,11.042,10.452,10.635,4596.44,49207.86002,323
1706572800000,2024-01-30,ICPEUR,11.474,11.65,10.781,10.835,4725.62,52938.62477,354
1706486400000,2024-01-29,ICPEUR,11.33,11.704,11.156,11.633,4983.32,57039.25918,299
1706400000000,2024-01-28,ICPEUR,11.895,11.962,11.259,11.388,5684.29,66510.39918,395
1706313600000,2024-01-27,ICPEUR,11.24,12.0,11.201,11.712,7407.62,85887.79475,515
1706227200000,2024-01-26,ICPEUR,10.128,11.55,10.128,11.172,6106.61,66614.89939,397
1706140800000,2024-01-25,ICPEUR,10.551,11.199,10.167,10.251,5471.89,58170.13163,350
1706054400000,2024-01-24,ICPEUR,9.689,10.739,9.548,10.605,8585.7,87130.6209,488
1705968000000,2024-01-23,ICPEUR,9.704,9.855,8.797,9.608,17622.14,165645.41545,571
1705881600000,2024-01-22,ICPEUR,10.268,10.405,9.516,9.693,6886.58,68818.78418,343
1705795200000,2024-01-21,ICPEUR,10.461,10.646,10.162,10.162,1949.21,20269.31573,107
1705708800000,2024-01-20,ICPEUR,10.247,10.724,10.1,10.48,4808.66,49787.70382,252
1705622400000,2024-01-19,ICPEUR,10.463,10.508,9.65,10.344,13492.08,136252.07906,499
1705536000000,2024-01-18,ICPEUR,11.144,11.429,10.422,10.619,5681.05,61868.53621,315
1705449600000,2024-01-17,ICPEUR,11.69,11.725,11.104,11.145,3863.13,43720.46175,207
1705363200000,2024-01-16,ICPEUR,11.761,12.019,11.322,11.684,7880.28,91667.9247,461
1705276800000,2024-01-15,ICPEUR,11.51,12.191,11.501,11.864,5092.04,60491.24854,367
1705190400000,2024-01-14,ICPEUR,11.883,13.006,11.553,11.553,8113.5,99841.39894,592
1705104000000,2024-01-13,ICPEUR,11.2,12.713,10.876,11.798,6852.88,81259.8121,454
1705017600000,2024-01-12,ICPEUR,11.826,11.938,10.85,11.211,47214.92,541680.38176,2306
1704931200000,2024-01-11,ICPEUR,12.605,12.618,11.582,11.908,12523.13,150977.70654,644
1704844800000,2024-01-10,ICPEUR,11.694,12.996,11.073,12.725,8720.05,104491.31782,660
1704758400000,2024-01-09,ICPEUR,12.41,12.759,11.179,11.717,15203.57,181235.35822,930
1704672000000,2024-01-08,ICPEUR,10.17,12.662,9.5,12.451,25186.62,282707.48254,1420
1704585600000,2024-01-07,ICPEUR,11.041,11.679,10.172,10.303,6941.86,75377.98821,443
1704499200000,2024-01-06,ICPEUR,12.172,12.172,10.8,11.038,6423.89,71968.46043,454
1704412800000,2024-01-05,ICPEUR,12.843,13.298,11.58,12.131,18173.79,222660.86559,1073
1704326400000,2024-01-04,ICPEUR,13.258,13.982,12.458,12.695,25520.25,333510.28341,1438
1704240000000,2024-01-03,ICPEUR,12.762,14.879,11.2,13.242,63720.75,852059.60258,3476
1704153600000,2024-01-02,ICPEUR,11.7,13.948,11.245,12.733,43046.23,549762.06783,2007
1704067200000,2024-01-01,ICPEUR,12.064,12.695,11.572,11.767,19562.47,236777.76157,1011
1703980800000,2023-12-31,ICPEUR,11.03,13.843,10.878,12.051,75227.69,937182.48852,3333
1703894400000,2023-12-30,ICPEUR,8.551,11.456,8.551,11.083,46298.0,462128.14879,1835
1703808000000,2023-12-29,ICPEUR,8.83,8.91,8.265,8.418,8326.63,71212.16777,376
1703721600000,2023-12-28,ICPEUR,8.276,9.456,8.276,8.83,24398.83,219146.95104,1065
1703635200000,2023-12-27,ICPEUR,8.376,8.418,7.968,8.304,12507.36,101992.05368,412
1703548800000,2023-12-26,ICPEUR,8.657,8.856,7.856,8.401,25015.59,207475.83654,1040
1703462400000,2023-12-25,ICPEUR,8.945,9.001,8.454,8.715,12160.19,106314.67169,454
1703376000000,2023-12-24,ICPEUR,8.738,9.369,8.542,8.892,29564.42,263337.36786,1342
1703289600000,2023-12-23,ICPEUR,8.507,8.652,8.018,8.622,10101.22,84351.68145,448
1703203200000,2023-12-22,ICPEUR,8.256,9.981,8.255,8.46,33895.67,306227.77096,1407
1703116800000,2023-12-21,ICPEUR,8.029,8.449,7.772,8.255,24002.56,194039.46443,1054
1703030400000,2023-12-20,ICPEUR,8.615,8.816,7.962,8.106,23389.65,197088.96806,1004
1702944000000,2023-12-19,ICPEUR,8.96,10.022,8.413,8.464,19222.94,173547.97931,984
1702857600000,2023-12-18,ICPEUR,9.676,9.834,8.361,8.979,26315.34,236272.01839,1252
1702771200000,2023-12-17,ICPEUR,9.214,10.839,8.969,9.667,80312.2,801929.70075,4553
1702684800000,2023-12-16,ICPEUR,6.673,10.906,6.521,9.227,125003.66,1136825.8897,6560
1702598400000,2023-12-15,ICPEUR,5.788,7.01,5.662,6.585,33856.79,219753.23222,1531
1702512000000,2023-12-14,ICPEUR,5.794,6.103,5.674,5.793,17967.14,105281.17626,773
1702425600000,2023-12-13,ICPEUR,5.137,5.871,5.114,5.745,10598.87,57291.64648,590
1702339200000,2023-12-12,ICPEUR,4.925,5.315,4.906,5.125,7063.8,36343.79581,314
1702252800000,2023-12-11,ICPEUR,5.191,5.292,4.639,4.884,8188.78,40375.67881,441
1702166400000,2023-12-10,ICPEUR,5.199,5.209,4.905,5.18,4645.43,23425.91037,233
1702080000000,2023-12-09,ICPEUR,4.898,5.255,4.894,5.16,13248.13,66898.7004,640
1701993600000,2023-12-08,ICPEUR,4.705,4.9,4.4,4.87,7035.32,33049.08959,360
1701907200000,2023-12-07,ICPEUR,4.602,4.714,4.431,4.713,5969.01,27361.83125,264
1701820800000,2023-12-06,ICPEUR,4.76,4.908,4.467,4.529,6261.99,28954.61665,282
1701734400000,2023-12-05,ICPEUR,4.726,4.791,4.54,4.741,13212.04,61988.02407,554
1701648000000,2023-12-04,ICPEUR,4.322,4.829,4.318,4.74,15523.74,71674.02253,489
1701561600000,2023-12-03,ICPEUR,4.451,4.454,4.25,4.325,6848.36,29532.49708,151
1701475200000,2023-12-02,ICPEUR,4.297,4.476,4.297,4.44,3293.14,14485.91099,149
1701388800000,2023-12-01,ICPEUR,4.187,4.44,4.178,4.32,4238.45,18500.89489,162
1701302400000,2023-11-30,ICPEUR,4.126,4.188,3.809,4.188,11881.31,48104.46432,252
1701216000000,2023-11-29,ICPEUR,4.166,4.26,4.073,4.119,2332.01,9633.76501,90
1701129600000,2023-11-28,ICPEUR,4.094,4.227,4.043,4.165,5875.48,24253.5647,172
1701043200000,2023-11-27,ICPEUR,4.234,4.301,3.987,4.086,7321.16,30099.5983,239
1700956800000,2023-11-26,ICPEUR,4.303,4.346,4.122,4.265,4051.85,17250.41083,149
1700870400000,2023-11-25,ICPEUR,4.217,4.351,4.21,4.309,4011.98,17204.57116,143
1700784000000,2023-11-24,ICPEUR,4.221,4.289,4.148,4.188,7657.97,32247.08349,298
1700697600000,2023-11-23,ICPEUR,4.094,4.25,4.091,4.213,12068.46,50475.44328,439
1700611200000,2023-11-22,ICPEUR,3.752,4.153,3.752,4.084,11696.46,46174.46319,413
1700524800000,2023-11-21,ICPEUR,4.182,4.267,3.724,3.794,24973.22,98654.67398,717
1700438400000,2023-11-20,ICPEUR,4.201,4.233,4.036,4.135,7033.56,29184.11529,230
1700352000000,2023-11-19,ICPEUR,3.961,4.244,3.95,4.205,8607.05,35335.64015,241
1700265600000,2023-11-18,ICPEUR,3.961,3.996,3.689,3.987,4935.83,18962.517,185
1700179200000,2023-11-17,ICPEUR,4.162,4.167,3.827,3.951,7515.84,29874.45289,208
1700092800000,2023-11-16,ICPEUR,4.356,4.417,3.972,4.037,10782.03,45322.62538,326
1700006400000,2023-11-15,ICPEUR,3.941,4.417,3.894,4.359,7951.89,32920.23072,245
1699920000000,2023-11-14,ICPEUR,4.216,4.246,3.718,3.937,10988.88,44775.65756,300
1699833600000,2023-11-13,ICPEUR,4.36,4.634,4.244,4.249,15053.51,66881.83454,399
1699747200000,2023-11-12,ICPEUR,4.22,4.419,4.061,4.385,7245.26,30898.90663,217
1699660800000,2023-11-11,ICPEUR,4.13,4.296,4.032,4.196,6586.62,27463.58479,221
1699574400000,2023-11-10,ICPEUR,3.821,4.11,3.762,4.11,9214.21,35727.0603,246
1699488000000,2023-11-09,ICPEUR,3.974,4.35,3.492,3.828,27840.66,109157.55893,507
1699401600000,2023-11-08,ICPEUR,3.928,4.013,3.869,4.013,7751.78,30508.86718,201
1699315200000,2023-11-07,ICPEUR,3.978,3.989,3.782,3.925,11862.88,46701.68218,217
1699228800000,2023-11-06,ICPEUR,3.81,3.998,3.718,3.984,12383.09,48445.60939,271
1699142400000,2023-11-05,ICPEUR,3.768,3.946,3.72,3.806,6482.9,24983.45034,188
1699056000000,2023-11-04,ICPEUR,3.685,3.796,3.598,3.756,6611.11,24492.0313,165
1698969600000,2023-11-03,ICPEUR,3.669,3.96,3.371,3.686,34632.62,126504.34159,341
1698883200000,2023-11-02,ICPEUR,3.827,3.903,3.669,3.777,4167.39,15827.99622,147
1698796800000,2023-11-01,ICPEUR,3.742,3.856,3.576,3.856,5168.99,19193.82977,157
1698710400000,2023-10-31,ICPEUR,3.815,3.876,3.644,3.735,5549.24,20797.47857,139
1698624000000,2023-10-30,ICPEUR,3.832,3.869,3.702,3.815,3403.61,12869.78521,114
1698537600000,2023-10-29,ICPEUR,3.525,4.0,3.491,3.829,9756.75,36806.53942,236
1698451200000,2023-10-28,ICPEUR,3.319,3.573,3.317,3.509,3477.55,11933.68098,77
1698364800000,2023-10-27,ICPEUR,3.304,3.372,3.281,3.347,2659.09,8844.31781,69
1698278400000,2023-10-26,ICPEUR,3.38,3.504,3.281,3.36,3670.9,12518.14881,91
1698192000000,2023-10-25,ICPEUR,3.472,3.472,3.346,3.362,1547.33,5263.99101,59
1698105600000,2023-10-24,ICPEUR,3.298,3.457,3.26,3.371,2693.08,9039.058,106
1698019200000,2023-10-23,ICPEUR,3.066,3.288,3.066,3.288,4700.67,14871.53289,136
1697932800000,2023-10-22,ICPEUR,3.066,3.066,2.98,3.051,1229.85,3706.94458,47
1697846400000,2023-10-21,ICPEUR,2.969,3.078,2.96,3.036,1055.17,3185.65541,43
1697760000000,2023-10-20,ICPEUR,2.846,2.998,2.846,2.986,6237.86,18410.41709,123
1697673600000,2023-10-19,ICPEUR,2.907,3.117,2.81,2.845,1598.09,4559.71021,67
1697587200000,2023-10-18,ICPEUR,2.912,2.983,2.893,2.906,3164.66,9311.6196,147
1697500800000,2023-10-17,ICPEUR,2.986,3.039,2.899,2.899,2861.31,8505.08028,197
1697414400000,2023-10-16,ICPEUR,2.994,3.078,2.975,3.039,5767.39,17422.28169,140
1697328000000,2023-10-15,ICPEUR,2.962,3.054,2.962,2.995,2756.34,8300.161,139
1697241600000,2023-10-14,ICPEUR,2.921,2.977,2.912,2.953,1619.11,4785.65446,122
1697155200000,2023-10-13,ICPEUR,2.779,2.937,2.779,2.916,1674.02,4764.27716,76
1697068800000,2023-10-12,ICPEUR,2.745,2.798,2.724,2.798,3707.77,10244.16904,105
1696982400000,2023-10-11,ICPEUR,2.814,2.815,2.722,2.754,2409.59,6661.5805,94
1696896000000,2023-10-10,ICPEUR,2.78,2.841,2.686,2.809,7207.62,20066.81272,177
1696809600000,2023-10-09,ICPEUR,2.927,2.961,2.741,2.761,4341.29,12312.72801,242
1696723200000,2023-10-08,ICPEUR,2.934,2.981,2.897,2.93,1507.84,4449.5682,70
1696636800000,2023-10-07,ICPEUR,2.957,2.962,2.889,2.921,1238.82,3621.34813,71
1696550400000,2023-10-06,ICPEUR,2.911,2.978,2.89,2.907,2054.46,6013.78407,89
1696464000000,2023-10-05,ICPEUR,3.014,3.014,2.885,2.916,1390.81,4110.12378,94
1696377600000,2023-10-04,ICPEUR,3.0,3.066,2.908,3.018,5360.62,16111.04896,159
1696291200000,2023-10-03,ICPEUR,2.996,3.698,2.936,2.988,2029.49,6041.21697,104
1696204800000,2023-10-02,ICPEUR,3.128,3.139,2.924,2.989,1565.73,4778.36045,103
1696118400000,2023-10-01,ICPEUR,2.999,3.173,2.999,3.173,714.88,2205.65157,35
1696032000000,2023-09-30,ICPEUR,2.963,3.036,2.957,3.016,2046.38,6120.0657,59
1695945600000,2023-09-29,ICPEUR,2.922,3.015,2.901,2.962,1930.11,5706.73257,89
1695859200000,2023-09-28,ICPEUR,2.834,2.925,2.79,2.924,1331.63,3800.83752,73
1695772800000,2023-09-27,ICPEUR,2.803,2.861,2.773,2.777,1404.35,3969.02868,82
1695686400000,2023-09-26,ICPEUR,2.829,2.831,2.765,2.8,1968.68,5500.91686,59
1695600000000,2023-09-25,ICPEUR,2.763,2.849,2.763,2.838,1497.38,4206.6421,59
1695513600000,2023-09-24,ICPEUR,2.786,2.82,2.739,2.742,3164.24,8763.19374,74
1695427200000,2023-09-23,ICPEUR,2.75,2.802,2.75,2.788,1938.0,5383.89608,61
1695340800000,2023-09-22,ICPEUR,2.728,2.769,2.666,2.75,2946.56,8074.37946,119
1695254400000,2023-09-21,ICPEUR,2.826,2.836,2.702,2.722,9483.51,25946.43812,164
1695168000000,2023-09-20,ICPEUR,2.85,2.85,2.759,2.819,2929.09,8213.65828,109
1695081600000,2023-09-19,ICPEUR,2.807,2.878,2.79,2.842,3393.4,9667.78492,98
1694995200000,2023-09-18,ICPEUR,2.739,2.85,2.739,2.809,2574.39,7241.87943,107
1694908800000,2023-09-17,ICPEUR,2.795,2.815,2.7,2.742,1761.82,4879.91727,79
1694822400000,2023-09-16,ICPEUR,2.836,2.915,2.765,2.816,4372.34,12335.62288,164
1694736000000,2023-09-15,ICPEUR,2.748,2.846,2.712,2.823,3228.15,8971.81965,193
1694649600000,2023-09-14,ICPEUR,2.743,2.802,2.709,2.746,4139.06,11384.10143,185
1694563200000,2023-09-13,ICPEUR,2.74,2.768,2.671,2.751,5978.64,16310.95158,205
1694476800000,2023-09-12,ICPEUR,2.781,2.88,2.738,2.744,6532.16,18332.11125,208
1694390400000,2023-09-11,ICPEUR,2.9,2.907,2.72,2.744,13893.66,39131.61568,296
1694304000000,2023-09-10,ICPEUR,3.057,3.057,2.85,2.902,7676.14,22311.02435,266
1694217600000,2023-09-09,ICPEUR,3.091,3.101,3.051,3.068,4309.46,13234.87689,78
1694131200000,2023-09-08,ICPEUR,3.149,3.157,3.041,3.081,13881.06,42854.73016,186
1694044800000,2023-09-07,ICPEUR,3.151,3.165,3.094,3.15,4465.21,13905.75483,71
1693958400000,2023-09-06,ICPEUR,3.087,3.132,3.046,3.132,6137.95,18846.42114,106
1693872000000,2023-09-05,ICPEUR,3.033,3.101,3.028,3.088,8970.37,27644.48974,99
1693785600000,2023-09-04,ICPEUR,3.055,3.126,2.98,2.997,5285.82,15904.9119,100
1693699200000,2023-09-03,ICPEUR,3.037,3.057,2.985,3.023,1833.14,5539.7042,75
1693612800000,2023-09-02,ICPEUR,3.053,3.062,2.988,3.019,1895.67,5745.24737,72
1693526400000,2023-09-01,ICPEUR,3.105,3.178,2.99,3.013,5262.9,16122.88839,160
1693440000000,2023-08-31,ICPEUR,3.182,3.219,3.03,3.102,3854.61,12136.86588,137
1693353600000,2023-08-30,ICPEUR,3.368,3.368,3.174,3.209,5898.48,19297.64799,135
1693267200000,2023-08-29,ICPEUR,3.229,3.456,3.162,3.358,6161.54,20559.92713,193
1693180800000,2023-08-28,ICPEUR,3.224,3.255,3.177,3.225,3506.99,11291.8343,128
1693094400000,2023-08-27,ICPEUR,3.306,3.377,3.229,3.253,1984.05,6567.28428,103
1693008000000,2023-08-26,ICPEUR,3.272,3.3,3.251,3.3,1600.76,5248.87567,53
1692921600000,2023-08-25,ICPEUR,3.327,3.333,3.217,3.26,3540.76,11604.24454,174
1692835200000,2023-08-24,ICPEUR,3.343,3.429,3.252,3.351,4000.54,13355.47855,187
1692748800000,2023-08-23,ICPEUR,3.176,3.359,3.139,3.325,4341.43,14066.84189,182
1692662400000,2023-08-22,ICPEUR,3.22,3.247,3.011,3.171,5026.42,15734.74546,228
1692576000000,2023-08-21,ICPEUR,3.325,3.344,3.181,3.23,2510.31,8145.71452,133
1692489600000,2023-08-20,ICPEUR,3.34,3.374,3.291,3.343,1551.25,5167.98321,91
1692403200000,2023-08-19,ICPEUR,3.294,3.357,3.258,3.324,4178.33,13845.02221,160
1692316800000,2023-08-18,ICPEUR,3.167,3.379,3.153,3.294,9465.76,30990.52685,374
1692230400000,2023-08-17,ICPEUR,3.418,3.549,2.967,3.167,13738.0,45068.81548,468
1692144000000,2023-08-16,ICPEUR,3.545,3.546,3.318,3.381,6150.18,21264.42799,234
1692057600000,2023-08-15,ICPEUR,3.745,3.759,3.308,3.548,8665.86,30962.83552,284
1691971200000,2023-08-14,ICPEUR,3.727,3.838,3.727,3.778,3247.57,12323.99101,138
1691884800000,2023-08-13,ICPEUR,3.735,3.771,3.703,3.716,2248.87,8408.01144,110
1691798400000,2023-08-12,ICPEUR,3.75,3.769,3.712,3.723,1653.39,6187.67097,81
1691712000000,2023-08-11,ICPEUR,3.745,3.75,3.705,3.75,1966.86,7333.62226,80
1691625600000,2023-08-10,ICPEUR,3.819,3.948,3.69,3.733,3424.37,12794.35113,141
1691539200000,2023-08-09,ICPEUR,3.826,3.84,3.748,3.801,3124.91,11861.11011,147
1691452800000,2023-08-08,ICPEUR,3.8,3.908,3.759,3.826,7114.55,27256.24784,193
1691366400000,2023-08-07,ICPEUR,3.795,3.847,3.723,3.795,9910.77,37399.72751,283
1691280000000,2023-08-06,ICPEUR,3.709,3.82,3.709,3.801,2483.15,9347.51715,119
1691193600000,2023-08-05,ICPEUR,3.726,3.738,3.695,3.702,1074.46,3993.28158,68
1691107200000,2023-08-04,ICPEUR,3.716,3.747,3.66,3.72,4410.35,16372.52249,161
1691020800000,2023-08-03,ICPEUR,3.789,3.821,3.686,3.694,3050.9,11441.57941,135
1690934400000,2023-08-02,ICPEUR,3.883,3.907,3.764,3.791,2122.42,8081.28542,119
1690848000000,2023-08-01,ICPEUR,3.842,3.852,3.702,3.85,4141.8,15763.40653,157
1690761600000,2023-07-31,ICPEUR,3.886,3.916,3.831,3.837,2090.48,8104.32594,91
1690675200000,2023-07-30,ICPEUR,3.965,3.983,3.827,3.877,3752.5,14695.22823,144
1690588800000,2023-07-29,ICPEUR,3.932,3.994,3.898,3.948,9150.19,36234.43538,168
1690502400000,2023-07-28,ICPEUR,3.877,3.97,3.838,3.941,6683.32,26109.61426,442
1690416000000,2023-07-27,ICPEUR,3.691,3.869,3.691,3.869,3577.72,13418.2979,157
1690329600000,2023-07-26,ICPEUR,3.658,3.738,3.622,3.703,3158.01,11615.18497,149
1690243200000,2023-07-25,ICPEUR,3.643,3.717,3.616,3.659,2131.64,7803.06332,123
1690156800000,2023-07-24,ICPEUR,3.808,3.808,3.588,3.613,7220.82,26623.57344,278
1690070400000,2023-07-23,ICPEUR,3.739,3.913,3.738,3.8,5140.33,19771.56663,237
1689984000000,2023-07-22,ICPEUR,3.677,3.765,3.677,3.708,1868.84,6946.64082,102
1689897600000,2023-07-21,ICPEUR,3.653,3.722,3.653,3.663,2963.19,10919.37428,151
1689811200000,2023-07-20,ICPEUR,3.63,3.742,3.608,3.649,4157.84,15313.29501,153
1689724800000,2023-07-19,ICPEUR,3.653,3.705,3.626,3.644,2663.32,9754.22373,92
1689638400000,2023-07-18,ICPEUR,3.664,3.664,3.539,3.644,5394.31,19454.67974,137
1689552000000,2023-07-17,ICPEUR,3.655,3.72,3.559,3.673,5250.83,19219.16446,143
1689465600000,2023-07-16,ICPEUR,3.776,3.776,3.654,3.664,4649.85,17256.28818,181
1689379200000,2023-07-15,ICPEUR,3.733,3.841,3.696,3.759,1566.91,5899.27376,74
1689292800000,2023-07-14,ICPEUR,3.908,4.025,3.691,3.782,6896.84,27084.27656,216
1689206400000,2023-07-13,ICPEUR,3.711,3.939,3.711,3.906,5899.59,22724.70435,194
1689120000000,2023-07-12,ICPEUR,3.765,3.836,3.669,3.708,4342.55,16321.77162,111
1689033600000,2023-07-11,ICPEUR,3.717,3.788,3.689,3.76,4215.82,15831.31149,99
1688947200000,2023-07-10,ICPEUR,3.659,3.792,3.6,3.71,7270.52,26938.90346,139
1688860800000,2023-07-09,ICPEUR,3.72,3.765,3.681,3.688,4324.95,16085.10714,78
1688774400000,2023-07-08,ICPEUR,3.794,3.806,3.617,3.72,3691.04,13672.49525,120
1688688000000,2023-07-07,ICPEUR,3.743,3.806,3.718,3.757,1920.09,7251.22976,93
1688601600000,2023-07-06,ICPEUR,3.901,4.06,3.725,3.738,4152.94,16389.67265,124
1688515200000,2023-07-05,ICPEUR,4.033,4.103,3.85,3.884,4865.69,19218.92974,162
1688428800000,2023-07-04,ICPEUR,4.109,4.143,3.977,4.032,4271.05,17420.92389,124
1688342400000,2023-07-03,ICPEUR,3.83,4.195,3.83,4.153,5894.07,24241.5413,241
1688256000000,2023-07-02,ICPEUR,3.87,3.87,3.751,3.849,1943.62,7398.78023,94
1688169600000,2023-07-01,ICPEUR,3.796,3.884,3.773,3.87,1926.55,7361.19939,116
1688083200000,2023-06-30,ICPEUR,3.729,3.933,3.513,3.764,6873.93,25789.25864,261
1687996800000,2023-06-29,ICPEUR,3.704,3.786,3.682,3.744,3197.76,11921.78821,161
1687910400000,2023-06-28,ICPEUR,3.916,3.918,3.65,3.738,3604.26,13690.19625,189
1687824000000,2023-06-27,ICPEUR,3.919,4.031,3.912,3.962,2825.14,11217.31803,139
1687737600000,2023-06-26,ICPEUR,3.972,4.008,3.827,3.89,9221.27,36175.75514,225
1687651200000,2023-06-25,ICPEUR,3.92,4.107,3.919,3.971,4555.28,18386.31319,194
1687564800000,2023-06-24,ICPEUR,3.972,4.054,3.849,3.918,3514.35,13855.28319,174
1687478400000,2023-06-23,ICPEUR,3.845,4.056,3.827,3.982,5063.84,19974.07748,233
1687392000000,2023-06-22,ICPEUR,3.826,3.952,3.773,3.795,5026.1,19319.57745,278
1687305600000,2023-06-21,ICPEUR,3.822,3.916,3.764,3.834,4456.37,17037.40315,221
1687219200000,2023-06-20,ICPEUR,3.647,3.866,3.59,3.833,6641.94,24746.2563,235
1687132800000,2023-06-19,ICPEUR,3.638,3.651,3.555,3.628,3084.66,11121.07249,128
1687046400000,2023-06-18,ICPEUR,3.626,3.733,3.6,3.636,3626.62,13318.10328,128
1686960000000,2023-06-17,ICPEUR,3.621,3.722,3.621,3.659,1902.58,6998.2824,80
1686873600000,2023-06-16,ICPEUR,3.624,3.732,3.576,3.664,4593.1,16798.97091,229
1686787200000,2023-06-15,ICPEUR,3.523,3.703,3.427,3.631,7543.09,26989.17965,303
1686700800000,2023-06-14,ICPEUR,3.708,3.708,3.491,3.537,8498.54,30484.60506,284
1686614400000,2023-06-13,ICPEUR,3.471,3.771,3.466,3.68,9978.84,35852.65662,409
1686528000000,2023-06-12,ICPEUR,3.424,3.515,3.333,3.472,8360.42,28430.50661,303
1686441600000,2023-06-11,ICPEUR,3.488,3.54,3.4,3.424,5452.05,18992.70505,192
1686355200000,2023-06-10,ICPEUR,3.968,3.986,3.15,3.496,25161.62,87602.80748,792
1686268800000,2023-06-09,ICPEUR,3.87,4.046,3.834,3.999,5213.51,20709.78289,170
1686182400000,2023-06-08,ICPEUR,3.914,3.948,3.863,3.899,3618.66,14153.1589,135
1686096000000,2023-06-07,ICPEUR,4.082,4.228,3.875,3.93,6891.97,27593.60479,169
1686009600000,2023-06-06,ICPEUR,4.075,4.191,3.966,4.161,8521.18,34553.91461,330
1685923200000,2023-06-05,ICPEUR,4.465,4.468,3.875,4.094,14705.36,60924.28906,517
1685836800000,2023-06-04,ICPEUR,4.474,4.561,4.471,4.5,1515.15,6863.11951,97
1685750400000,2023-06-03,ICPEUR,4.487,4.572,4.457,4.485,3558.85,16056.93153,166
1685664000000,2023-06-02,ICPEUR,4.361,4.54,4.361,4.499,2789.12,12508.17674,143
1685577600000,2023-06-01,ICPEUR,4.385,4.408,4.27,4.351,4824.88,21098.83051,279
1685491200000,2023-05-31,ICPEUR,4.493,4.53,4.355,4.397,4917.49,21692.07914,247
1685404800000,2023-05-30,ICPEUR,4.553,4.622,4.499,4.537,4577.67,20895.10719,176
1685318400000,2023-05-29,ICPEUR,4.671,4.671,4.539,4.539,5090.21,23501.11567,198
1685232000000,2023-05-28,ICPEUR,4.595,4.704,4.534,4.673,3277.71,15111.83367,119
1685145600000,2023-05-27,ICPEUR,4.536,4.631,4.531,4.604,2861.86,13105.20035,123
1685059200000,2023-05-26,ICPEUR,4.483,4.722,4.426,4.521,5079.43,23047.87229,152
1684972800000,2023-05-25,ICPEUR,4.451,4.559,4.428,4.501,2552.53,11530.35193,106
1684886400000,2023-05-24,ICPEUR,4.65,4.65,4.448,4.502,4249.66,19179.0229,169
1684800000000,2023-05-23,ICPEUR,4.723,4.816,4.663,4.677,6242.58,29494.53581,148
1684713600000,2023-05-22,ICPEUR,4.63,4.773,4.63,4.709,4857.26,22904.63758,121
1684627200000,2023-05-21,ICPEUR,4.855,4.855,4.607,4.677,5685.0,26661.79682,167
1684540800000,2023-05-20,ICPEUR,4.913,4.913,4.815,4.835,963.16,4675.09022,100
1684454400000,2023-05-19,ICPEUR,4.932,4.977,4.859,4.925,2421.74,11959.17838,175
1684368000000,2023-05-18,ICPEUR,4.953,5.008,4.788,4.907,2838.47,13958.91757,189
1684281600000,2023-05-17,ICPEUR,4.81,5.02,4.76,4.977,2970.28,14414.42727,196
1684195200000,2023-05-16,ICPEUR,4.83,4.888,4.725,4.825,6015.67,28787.50748,232
1684108800000,2023-05-15,ICPEUR,4.819,4.971,4.737,4.865,3328.63,16263.39254,219
1684022400000,2023-05-14,ICPEUR,4.766,4.951,4.694,4.798,4376.2,21040.82042,189
1683936000000,2023-05-13,ICPEUR,4.833,4.846,4.726,4.79,1779.04,8517.1976,124
1683849600000,2023-05-12,ICPEUR,4.564,4.83,4.544,4.83,8406.76,39445.18198,261
1683763200000,2023-05-11,ICPEUR,4.85,4.85,4.514,4.608,4639.52,21504.417,197
1683676800000,2023-05-10,ICPEUR,4.882,5.001,4.622,4.845,8586.77,41079.41753,264
1683590400000,2023-05-09,ICPEUR,4.871,4.871,4.723,4.84,4922.5,23655.02735,179
1683504000000,2023-05-08,ICPEUR,5.08,5.158,4.7,4.88,13639.44,66791.08496,467
1683417600000,2023-05-07,ICPEUR,5.063,5.173,5.02,5.043,2001.45,10240.1181,116
1683331200000,2023-05-06,ICPEUR,5.375,5.436,5.005,5.031,6791.0,35049.08473,247
1683244800000,2023-05-05,ICPEUR,5.431,5.515,5.218,5.426,4003.72,21659.07584,191
1683158400000,2023-05-04,ICPEUR,5.328,5.611,5.274,5.37,11194.38,61108.97305,327
1683072000000,2023-05-03,ICPEUR,5.231,5.375,5.043,5.361,5389.23,27914.6684,210
1682985600000,2023-05-02,ICPEUR,5.249,5.317,5.133,5.229,6914.24,36081.77783,232
1682899200000,2023-05-01,ICPEUR,5.898,5.916,5.158,5.295,8842.32,48164.98027,378
1682812800000,2023-04-30,ICPEUR,5.903,6.05,5.655,5.864,7239.68,42267.11533,345
1682726400000,2023-04-29,ICPEUR,5.512,6.18,5.491,5.886,22389.78,132502.03627,792
1682640000000,2023-04-28,ICPEUR,5.23,5.623,5.166,5.505,10472.74,56990.33995,430
1682553600000,2023-04-27,ICPEUR,4.811,5.26,4.811,5.222,5583.4,28238.30854,228
1682467200000,2023-04-26,ICPEUR,5.03,5.206,4.607,4.805,10329.03,51751.4552,290
1682380800000,2023-04-25,ICPEUR,4.875,5.048,4.708,5.031,3253.37,15949.09538,144
1682294400000,2023-04-24,ICPEUR,4.934,5.052,4.822,4.896,2485.69,12226.78433,134
1682208000000,2023-04-23,ICPEUR,5.042,5.116,4.809,4.96,4170.91,20686.27415,152
1682121600000,2023-04-22,ICPEUR,5.067,5.171,4.92,5.124,5463.02,27592.89292,178
1682035200000,2023-04-21,ICPEUR,5.368,5.417,4.948,5.069,21162.78,107281.08957,368
1681948800000,2023-04-20,ICPEUR,5.618,5.837,5.335,5.38,9112.34,50788.09766,335
1681862400000,2023-04-19,ICPEUR,6.186,6.6,5.527,5.557,40374.17,246117.22921,1224
1681776000000,2023-04-18,ICPEUR,5.745,6.389,5.631,6.224,29971.15,183111.28902,1042
1681689600000,2023-04-17,ICPEUR,5.561,5.776,5.349,5.724,22110.58,123137.54396,718
1681603200000,2023-04-16,ICPEUR,5.35,5.65,5.256,5.545,14719.42,80230.34678,497
1681516800000,2023-04-15,ICPEUR,4.992,5.425,4.935,5.36,14850.83,77930.47042,416
1681430400000,2023-04-14,ICPEUR,4.98,5.117,4.892,5.008,12203.82,61392.0315,370
1681344000000,2023-04-13,ICPEUR,4.952,5.018,4.822,4.967,5566.01,27473.88773,242
1681257600000,2023-04-12,ICPEUR,4.887,5.0,4.732,4.947,7844.99,38258.10633,306
1681171200000,2023-04-11,ICPEUR,4.781,4.913,4.727,4.9,5625.12,27037.0313,290
1681084800000,2023-04-10,ICPEUR,4.617,4.815,4.563,4.782,5254.23,24625.07939,200
1680998400000,2023-04-09,ICPEUR,4.515,4.672,4.47,4.619,3831.0,17367.6401,177
1680912000000,2023-04-08,ICPEUR,4.586,4.623,4.477,4.508,4877.47,22206.28041,235
1680825600000,2023-04-07,ICPEUR,4.494,4.661,4.428,4.583,6605.79,30021.8055,299
1680739200000,2023-04-06,ICPEUR,4.586,4.591,4.466,4.491,6028.4,27230.7005,265
1680652800000,2023-04-05,ICPEUR,4.572,4.698,4.542,4.625,8469.31,39234.96592,345
1680566400000,2023-04-04,ICPEUR,4.555,4.64,4.521,4.573,9227.06,42159.45297,335
1680480000000,2023-04-03,ICPEUR,4.7,4.718,4.42,4.556,15898.49,72963.38003,574
1680393600000,2023-04-02,ICPEUR,4.859,4.91,4.615,4.708,15329.55,72613.37294,605
1680307200000,2023-04-01,ICPEUR,4.802,4.889,4.713,4.863,5903.43,28306.50558,325
1680220800000,2023-03-31,ICPEUR,4.627,4.888,4.597,4.8,15300.67,72669.72675,575
1680134400000,2023-03-30,ICPEUR,4.748,4.776,4.537,4.576,9517.03,44193.57526,370
1680048000000,2023-03-29,ICPEUR,4.479,4.794,4.477,4.76,6913.16,32174.27327,305
1679961600000,2023-03-28,ICPEUR,4.41,4.508,4.35,4.478,3645.83,16138.08679,189
1679875200000,2023-03-27,ICPEUR,4.639,4.655,4.33,4.44,10363.74,46288.35984,470
1679788800000,2023-03-26,ICPEUR,4.589,4.7,4.589,4.662,2414.28,11182.07704,145
1679702400000,2023-03-25,ICPEUR,4.666,4.666,4.492,4.576,3173.56,14594.18722,121
1679616000000,2023-03-24,ICPEUR,4.811,4.87,4.554,4.65,5596.58,26337.72387,168
1679529600000,2023-03-23,ICPEUR,4.686,4.868,4.628,4.842,3065.9,14614.66227,127
1679443200000,2023-03-22,ICPEUR,4.881,4.956,4.5,4.713,11101.25,53437.79008,345
1679356800000,2023-03-21,ICPEUR,4.84,4.95,4.7,4.93,6133.85,29757.46981,216
1679270400000,2023-03-20,ICPEUR,5.113,5.223,4.744,4.809,7120.99,34862.77428,283
1679184000000,2023-03-19,ICPEUR,5.04,5.3,5.0,5.113,23161.41,118947.26542,358
1679097600000,2023-03-18,ICPEUR,5.269,5.429,5.0,5.019,4425.75,23213.4315,227
1679011200000,2023-03-17,ICPEUR,4.89,5.365,4.862,5.301,5884.61,30164.42002,204
1678924800000,2023-03-16,ICPEUR,4.899,4.972,4.794,4.911,4621.31,22657.46415,144
1678838400000,2023-03-15,ICPEUR,5.15,5.277,4.732,4.891,8831.0,44372.76304,263
1678752000000,2023-03-14,ICPEUR,4.967,5.374,4.873,5.136,22394.34,114569.55358,612
1678665600000,2023-03-13,ICPEUR,4.876,5.047,4.678,4.969,13644.82,66854.52213,400
1678579200000,2023-03-12,ICPEUR,4.4,4.924,4.331,4.914,7946.66,36288.29612,227
1678492800000,2023-03-11,ICPEUR,4.649,4.78,4.25,4.373,14545.47,63795.01558,352
1678406400000,2023-03-10,ICPEUR,4.536,4.719,4.33,4.668,18837.05,85406.93371,504
1678320000000,2023-03-09,ICPEUR,4.803,4.98,4.412,4.528,15190.4,70872.24881,446
1678233600000,2023-03-08,ICPEUR,5.085,5.085,4.75,4.8,7726.11,37642.07213,234
1678147200000,2023-03-07,ICPEUR,5.013,5.141,4.896,5.068,5741.23,28550.41406,227
1678060800000,2023-03-06,ICPEUR,5.063,5.188,4.961,5.015,7877.87,39987.4157,236
1677974400000,2023-03-05,ICPEUR,5.116,5.264,5.024,5.043,4298.27,22189.11591,155
1677888000000,2023-03-04,ICPEUR,5.314,5.324,4.95,5.098,5429.83,27711.16609,214
1677801600000,2023-03-03,ICPEUR,5.592,5.592,5.03,5.293,14955.43,78377.59943,502
1677715200000,2023-03-02,ICPEUR,5.828,5.828,5.481,5.606,4084.68,22809.98321,193
1677628800000,2023-03-01,ICPEUR,5.558,5.881,5.5,5.833,8154.14,47081.32761,268
1677542400000,2023-02-28,ICPEUR,5.8,5.8,5.524,5.535,6311.19,35801.13133,224
1677456000000,2023-02-27,ICPEUR,5.859,6.143,5.693,5.811,10010.96,58619.17021,334
1677369600000,2023-02-26,ICPEUR,5.818,5.995,5.729,5.92,8155.93,47402.56975,248
1677283200000,2023-02-25,ICPEUR,6.006,6.711,5.582,5.805,10778.74,63995.5859,250
1677196800000,2023-02-24,ICPEUR,6.308,6.467,5.792,5.94,30402.43,190613.682,778
1677110400000,2023-02-23,ICPEUR,6.36,6.546,6.193,6.299,25144.07,161078.44909,692
1677024000000,2023-02-22,ICPEUR,6.471,6.861,6.097,6.341,87124.52,569966.34298,2242
1676937600000,2023-02-21,ICPEUR,6.868,6.878,6.324,6.478,32336.04,212008.78695,955
1676851200000,2023-02-20,ICPEUR,6.961,7.037,6.683,6.892,51301.21,349950.20297,1289
1676764800000,2023-02-19,ICPEUR,6.627,7.7,6.613,6.871,229545.08,1670749.30675,5416
1676678400000,2023-02-18,ICPEUR,6.86,7.173,6.585,6.61,75944.21,527322.27116,1899
1676592000000,2023-02-17,ICPEUR,5.563,7.314,5.563,6.86,329470.86,2188056.96221,6956
1676505600000,2023-02-16,ICPEUR,5.635,5.864,5.473,5.582,38686.26,218540.48434,848
1676419200000,2023-02-15,ICPEUR,5.163,5.662,5.127,5.662,13471.79,72425.43693,394
1676332800000,2023-02-14,ICPEUR,4.976,5.171,4.942,5.167,21156.33,107119.16398,476
1676246400000,2023-02-13,ICPEUR,5.168,5.301,4.847,4.997,34966.59,178358.42971,683
1676160000000,2023-02-12,ICPEUR,4.932,5.342,4.871,5.165,36435.14,187768.86671,701
1676073600000,2023-02-11,ICPEUR,4.758,4.94,4.743,4.933,4029.28,19502.7452,108
1675987200000,2023-02-10,ICPEUR,4.722,4.863,4.666,4.763,26380.25,126006.43716,652
1675900800000,2023-02-09,ICPEUR,5.322,5.361,4.638,4.722,22798.22,114884.22514,566
1675814400000,2023-02-08,ICPEUR,5.49,5.563,5.247,5.314,26565.92,145337.01434,791
1675728000000,2023-02-07,ICPEUR,5.093,5.487,5.067,5.449,28208.86,149236.34313,719
1675641600000,2023-02-06,ICPEUR,5.227,5.265,5.024,5.052,13381.89,68942.76681,375
1675555200000,2023-02-05,ICPEUR,5.368,5.509,5.156,5.221,29296.51,153763.26133,704
1675468800000,2023-02-04,ICPEUR,5.431,5.52,5.343,5.366,5832.39,31779.52874,167
1675382400000,2023-02-03,ICPEUR,5.326,5.446,5.258,5.431,14063.54,75231.43536,353
1675296000000,2023-02-02,ICPEUR,5.516,5.611,5.27,5.298,51010.74,278929.81871,1258
1675209600000,2023-02-01,ICPEUR,5.42,5.631,5.177,5.5,34991.82,189599.81939,937
1675123200000,2023-01-31,ICPEUR,5.322,5.476,5.228,5.409,20942.87,111686.84556,580
1675036800000,2023-01-30,ICPEUR,5.691,5.725,5.166,5.327,32146.33,172402.77971,815
1674950400000,2023-01-29,ICPEUR,5.605,5.775,5.531,5.754,22624.76,127315.16993,600
1674864000000,2023-01-28,ICPEUR,5.565,5.619,5.345,5.588,25231.37,137893.32782,713
1674777600000,2023-01-27,ICPEUR,5.35,5.684,5.137,5.567,34815.44,188713.1049,862
1674691200000,2023-01-26,ICPEUR,5.303,5.552,5.246,5.357,47107.28,254521.65119,1162
1674604800000,2023-01-25,ICPEUR,5.066,5.424,4.947,5.28,49505.58,255041.6028,1280
1674518400000,2023-01-24,ICPEUR,5.337,5.49,5.02,5.062,41622.27,220302.59409,1131
1674432000000,2023-01-23,ICPEUR,5.141,5.456,5.127,5.348,69897.46,372164.14885,1690
1674345600000,2023-01-22,ICPEUR,4.999,5.511,4.939,5.103,84226.5,438245.92869,1858
1674259200000,2023-01-21,ICPEUR,5.073,5.26,4.975,4.999,56652.92,290477.46427,1327
1674172800000,2023-01-20,ICPEUR,4.739,5.179,4.543,5.069,43760.81,209471.26452,890
1674086400000,2023-01-19,ICPEUR,4.574,4.759,4.508,4.746,33183.46,154063.82692,702
1674000000000,2023-01-18,ICPEUR,4.769,5.16,4.558,4.585,95604.76,468559.39953,2129
1673913600000,2023-01-17,ICPEUR,4.647,5.025,4.557,4.743,60406.73,291998.93906,1160
1673827200000,2023-01-16,ICPEUR,4.763,4.921,4.48,4.638,78597.44,367178.7585,1243
1673740800000,2023-01-15,ICPEUR,4.656,5.019,4.555,4.743,277220.77,1322366.33137,5576
1673654400000,2023-01-14,ICPEUR,4.276,4.925,4.258,4.662,180743.4,818772.60098,2709
1673568000000,2023-01-13,ICPEUR,4.148,4.315,4.039,4.257,16532.87,69221.43414,414
1673481600000,2023-01-12,ICPEUR,4.061,4.178,3.91,4.151,36995.34,149799.0655,856
1673395200000,2023-01-11,ICPEUR,4.025,4.067,3.837,4.023,17709.08,70070.61089,342
1673308800000,2023-01-10,ICPEUR,3.979,4.033,3.888,4.014,12691.48,50278.69749,243
1673222400000,2023-01-09,ICPEUR,3.871,4.08,3.847,3.954,46022.14,183106.01948,836
1673136000000,2023-01-08,ICPEUR,3.771,3.871,3.702,3.848,12391.49,47014.15098,215
1673049600000,2023-01-07,ICPEUR,3.662,3.8,3.662,3.776,16351.01,61113.29785,259
1672963200000,2023-01-06,ICPEUR,3.638,3.68,3.583,3.666,14852.42,54023.44498,260
1672876800000,2023-01-05,ICPEUR,3.741,4.32,3.604,3.618,21130.59,78033.19991,429
1672790400000,2023-01-04,ICPEUR,3.727,3.9,3.693,3.725,21543.82,80914.3646,407
1672704000000,2023-01-03,ICPEUR,3.749,3.821,3.635,3.71,14013.8,52145.38927,301
1672617600000,2023-01-02,ICPEUR,3.755,3.95,3.689,3.742,21841.95,83185.59576,378
1672531200000,2023-01-01,ICPEUR,3.671,3.775,3.65,3.745,9087.6,33624.81496,151
1672444800000,2022-12-31,ICPEUR,3.838,3.904,3.664,3.664,12274.98,46537.74744,253
1672358400000,2022-12-30,ICPEUR,3.75,3.9,3.663,3.845,10912.88,41378.82793,226
1672272000000,2022-12-29,ICPEUR,3.691,3.843,3.681,3.763,23813.2,90040.15616,432
1672185600000,2022-12-28,ICPEUR,3.637,3.79,3.559,3.722,19933.77,73434.31899,479
1672099200000,2022-12-27,ICPEUR,3.62,3.679,3.546,3.596,6932.17,25187.22877,202
1672012800000,2022-12-26,ICPEUR,3.556,3.686,3.551,3.613,12183.52,44185.26853,269
1671926400000,2022-12-25,ICPEUR,3.531,3.56,3.488,3.55,7020.09,24705.47839,126
1671840000000,2022-12-24,ICPEUR,3.46,3.529,3.451,3.524,3456.68,12085.50248,93
1671753600000,2022-12-23,ICPEUR,3.523,3.564,3.43,3.446,5251.51,18327.11616,160
1671667200000,2022-12-22,ICPEUR,3.494,3.552,3.416,3.524,26770.09,93668.47062,467
1671580800000,2022-12-21,ICPEUR,3.497,3.509,3.381,3.485,8218.02,28371.27242,194
1671494400000,2022-12-20,ICPEUR,3.277,3.528,3.273,3.505,19927.19,68714.80681,345
1671408000000,2022-12-19,ICPEUR,3.499,3.52,3.17,3.291,6721.67,22578.13397,170
1671321600000,2022-12-18,ICPEUR,3.49,3.529,3.413,3.491,3123.73,10884.89642,79
1671235200000,2022-12-17,ICPEUR,3.363,4.35,3.237,3.477,28537.28,97571.93091,477
1671148800000,2022-12-16,ICPEUR,3.685,3.74,3.311,3.364,30608.53,105659.94037,516
1671062400000,2022-12-15,ICPEUR,3.741,3.889,3.634,3.694,5377.46,20148.3485,129
1670976000000,2022-12-14,ICPEUR,3.93,3.962,3.728,3.741,24784.02,94380.18491,357
1670889600000,2022-12-13,ICPEUR,3.967,4.027,3.768,3.914,6755.65,26431.52014,208
1670803200000,2022-12-12,ICPEUR,3.976,3.992,3.888,3.945,6046.19,23872.26141,140
1670716800000,2022-12-11,ICPEUR,4.189,4.236,4.0,4.043,2588.82,10750.5048,88
1670630400000,2022-12-10,ICPEUR,4.189,4.189,4.088,4.184,1960.26,8143.2564,66
1670544000000,2022-12-09,ICPEUR,4.052,4.261,4.022,4.16,15798.43,65848.23123,337
1670457600000,2022-12-08,ICPEUR,3.964,4.113,3.88,4.057,7570.88,30466.10719,190
1670371200000,2022-12-07,ICPEUR,4.172,4.223,3.965,3.978,5923.54,23872.85874,167
1670284800000,2022-12-06,ICPEUR,4.231,4.279,4.136,4.183,6788.65,28589.11553,217
1670198400000,2022-12-05,ICPEUR,4.129,4.376,4.129,4.227,20114.76,85257.41566,576
1670112000000,2022-12-04,ICPEUR,3.966,4.196,3.943,4.135,26797.04,107831.14473,428
1670025600000,2022-12-03,ICPEUR,4.068,4.178,3.922,3.937,37275.34,152290.81573,703
1669939200000,2022-12-02,ICPEUR,3.919,4.132,3.822,4.065,26286.58,105194.75284,642
1669852800000,2022-12-01,ICPEUR,3.946,4.063,3.861,3.9,14836.34,58626.67591,447
1669766400000,2022-11-30,ICPEUR,3.853,3.997,3.841,3.943,20020.57,78221.1524,458
1669680000000,2022-11-29,ICPEUR,3.703,3.835,3.694,3.835,11713.34,44367.40257,300
1669593600000,2022-11-28,ICPEUR,3.757,3.821,3.636,3.712,18565.84,69106.86298,471
1669507200000,2022-11-27,ICPEUR,3.744,3.94,3.744,3.75,14807.79,56825.3447,360
1669420800000,2022-11-26,ICPEUR,3.768,3.881,3.724,3.737,26308.59,100149.62024,666
1669334400000,2022-11-25,ICPEUR,3.708,3.765,3.624,3.765,15267.16,56460.95689,440
1669248000000,2022-11-24,ICPEUR,3.763,3.81,3.675,3.72,22468.94,83770.06134,581
1669161600000,2022-11-23,ICPEUR,3.609,3.798,3.593,3.761,41822.98,154545.83289,1064
1669075200000,2022-11-22,ICPEUR,3.533,4.199,3.423,3.606,196157.92,756096.01165,1702
1668988800000,2022-11-21,ICPEUR,3.492,4.225,3.414,3.54,258042.35,1006943.64249,2026
1668902400000,2022-11-20,ICPEUR,3.826,3.93,3.477,3.477,30623.0,114337.46166,700
1668816000000,2022-11-19,ICPEUR,3.703,3.885,3.643,3.831,18812.19,70115.93049,396
1668729600000,2022-11-18,ICPEUR,3.625,3.734,3.621,3.713,9642.21,35623.25819,179
1668643200000,2022-11-17,ICPEUR,3.733,3.784,3.617,3.622,11794.36,43484.05305,246
1668556800000,2022-11-16,ICPEUR,3.827,3.893,3.661,3.73,9527.9,35883.23911,209
1668470400000,2022-11-15,ICPEUR,3.833,3.946,3.804,3.846,17346.47,66872.34778,335
1668384000000,2022-11-14,ICPEUR,3.8,3.967,3.56,3.796,24589.59,92876.81178,531
1668297600000,2022-11-13,ICPEUR,3.709,4.6,3.588,3.814,115698.18,480556.36767,1072
1668211200000,2022-11-12,ICPEUR,3.881,3.888,3.642,3.691,14150.9,52881.42617,355
1668124800000,2022-11-11,ICPEUR,4.22,4.63,3.76,3.864,135360.22,558019.11653,1160
1668038400000,2022-11-10,ICPEUR,3.652,4.326,3.599,4.187,43958.48,181190.83459,708
1667952000000,2022-11-09,ICPEUR,4.345,4.441,3.53,3.704,72913.33,294535.06683,1112
1667865600000,2022-11-08,ICPEUR,5.2,5.24,3.961,4.353,43030.98,200659.81702,1160
1667779200000,2022-11-07,ICPEUR,5.3,5.36,5.05,5.1,7733.23,40066.2087,251
1667692800000,2022-11-06,ICPEUR,5.57,5.64,5.21,5.26,9125.82,49675.9802,275
1667606400000,2022-11-05,ICPEUR,5.69,6.59,5.51,5.59,125647.46,753498.3602,2307
1667520000000,2022-11-04,ICPEUR,5.55,5.85,5.55,5.65,14325.42,80852.5489,319
1667433600000,2022-11-03,ICPEUR,5.02,6.54,5.02,5.54,22707.67,134810.5427,473
1667347200000,2022-11-02,ICPEUR,5.21,5.26,4.96,4.99,6020.12,30649.841,228
1667260800000,2022-11-01,ICPEUR,5.35,5.41,5.25,5.25,4975.45,26471.2342,148
1667174400000,2022-10-31,ICPEUR,5.33,5.47,5.16,5.36,16007.33,84843.4512,297
1667088000000,2022-10-30,ICPEUR,5.45,5.5,5.23,5.31,4202.53,22490.5876,140
1667001600000,2022-10-29,ICPEUR,5.27,6.42,5.19,5.41,44859.26,248019.2705,547
1666915200000,2022-10-28,ICPEUR,5.06,6.2,5.0,5.21,9085.71,51827.1414,156
1666828800000,2022-10-27,ICPEUR,5.08,5.31,5.05,5.05,3731.15,19408.1966,154
1666742400000,2022-10-26,ICPEUR,5.08,5.15,4.95,5.07,5090.51,25796.0926,143
1666656000000,2022-10-25,ICPEUR,4.9,5.2,4.89,5.04,7594.38,38267.0004,169
1666569600000,2022-10-24,ICPEUR,5.1,5.1,4.83,4.87,5579.88,27551.8739,164
1666483200000,2022-10-23,ICPEUR,4.97,5.11,4.88,5.11,2761.68,13752.7013,92
1666396800000,2022-10-22,ICPEUR,4.95,5.0,4.93,4.98,1043.68,5188.2692,47
1666310400000,2022-10-21,ICPEUR,4.95,5.0,4.7,4.97,11040.08,53437.4335,265
1666224000000,2022-10-20,ICPEUR,4.95,5.06,4.9,4.96,3079.91,15374.7917,96
1666137600000,2022-10-19,ICPEUR,5.01,5.11,4.91,4.93,5093.68,25472.5589,188
1666051200000,2022-10-18,ICPEUR,5.18,5.2,4.93,5.01,5814.79,29492.0316,190
1665964800000,2022-10-17,ICPEUR,5.11,5.25,5.11,5.19,9924.88,51549.4305,195
1665878400000,2022-10-16,ICPEUR,5.13,5.29,5.06,5.12,8032.12,41532.3479,190
1665792000000,2022-10-15,ICPEUR,5.02,5.19,4.94,5.12,69166.04,353881.79,504
1665705600000,2022-10-14,ICPEUR,5.17,5.36,4.94,5.0,17991.98,94184.3208,339
1665619200000,2022-10-13,ICPEUR,5.21,5.27,4.79,5.14,22974.55,115077.1539,613
1665532800000,2022-10-12,ICPEUR,5.42,5.46,5.16,5.22,14741.27,78180.6467,402
1665446400000,2022-10-11,ICPEUR,5.48,5.53,5.38,5.39,23798.9,129879.5603,329
1665360000000,2022-10-10,ICPEUR,6.04,6.08,5.43,5.44,31330.49,182873.257,439
1665273600000,2022-10-09,ICPEUR,5.98,6.07,5.96,6.01,15218.64,91447.6033,107
1665187200000,2022-10-08,ICPEUR,6.11,6.12,5.94,5.98,5606.9,33923.5058,110
1665100800000,2022-10-07,ICPEUR,6.11,6.14,6.04,6.12,7453.5,45500.9487,120
1665014400000,2022-10-06,ICPEUR,6.09,6.19,6.07,6.1,10538.3,64773.016,147
1664928000000,2022-10-05,ICPEUR,6.16,6.18,5.99,6.08,21248.06,129087.6212,288
1664841600000,2022-10-04,ICPEUR,6.11,6.22,6.11,6.22,8482.75,52207.7874,113
1664755200000,2022-10-03,ICPEUR,5.99,6.22,5.98,6.15,6401.81,39351.2631,103
1664668800000,2022-10-02,ICPEUR,6.23,6.32,6.0,6.02,6190.0,38042.3486,117
1664582400000,2022-10-01,ICPEUR,6.29,6.29,6.15,6.18,2188.68,13610.6763,61
1664496000000,2022-09-30,ICPEUR,6.27,6.34,6.17,6.2,10883.57,68092.7974,162
1664409600000,2022-09-29,ICPEUR,6.26,6.28,6.09,6.22,6729.17,41663.7739,146
1664323200000,2022-09-28,ICPEUR,6.35,6.43,6.17,6.22,9031.62,56518.9096,180
1664236800000,2022-09-27,ICPEUR,6.49,6.74,6.29,6.38,10602.31,69421.5284,222
1664150400000,2022-09-26,ICPEUR,6.08,6.56,5.97,6.47,14134.4,88850.6485,318
1664064000000,2022-09-25,ICPEUR,6.26,6.26,6.03,6.11,5639.44,34797.6763,148
1663977600000,2022-09-24,ICPEUR,6.37,6.43,6.24,6.24,4206.26,26623.3134,138
1663891200000,2022-09-23,ICPEUR,6.18,6.54,6.13,6.42,10751.96,67871.825,242
1663804800000,2022-09-22,ICPEUR,6.04,6.2,6.03,6.18,4220.96,25883.1712,121
1663718400000,2022-09-21,ICPEUR,5.97,6.21,5.8,6.04,21563.32,128501.9844,398
1663632000000,2022-09-20,ICPEUR,6.06,6.13,5.88,5.97,6203.05,37095.2406,180
1663545600000,2022-09-19,ICPEUR,5.88,6.36,5.66,6.03,23827.92,139791.381,589
1663459200000,2022-09-18,ICPEUR,6.26,6.27,5.49,5.83,26586.81,153530.45,592
1663372800000,2022-09-17,ICPEUR,6.22,6.37,6.17,6.31,9110.18,57351.3501,203
1663286400000,2022-09-16,ICPEUR,6.17,6.27,5.95,6.18,8246.88,50668.1814,261
1663200000000,2022-09-15,ICPEUR,6.33,6.39,5.97,6.19,12261.77,75804.6152,339
1663113600000,2022-09-14,ICPEUR,6.43,6.54,6.22,6.34,7290.77,46254.5584,227
1663027200000,2022-09-13,ICPEUR,6.79,6.97,6.42,6.42,15795.34,106008.5386,502
1662940800000,2022-09-12,ICPEUR,7.07,7.18,6.78,6.83,7963.67,55181.1847,246
1662854400000,2022-09-11,ICPEUR,7.1,7.4,6.95,7.04,11913.55,85724.7996,369
1662768000000,2022-09-10,ICPEUR,7.03,7.27,6.94,7.1,18758.96,133034.6837,467
1662681600000,2022-09-09,ICPEUR,6.48,7.28,6.48,7.07,15974.38,111550.8168,528
1662595200000,2022-09-08,ICPEUR,6.45,6.56,6.36,6.49,3509.47,22659.1494,201
1662508800000,2022-09-07,ICPEUR,6.28,6.52,6.14,6.48,8554.68,54067.7298,295
1662422400000,2022-09-06,ICPEUR,6.78,7.0,6.23,6.28,30874.57,203737.8683,605
1662336000000,2022-09-05,ICPEUR,6.73,6.91,6.46,6.78,11706.92,78556.7066,320
1662249600000,2022-09-04,ICPEUR,6.58,6.88,6.34,6.75,15057.83,100560.4117,404
1662163200000,2022-09-03,ICPEUR,6.36,6.68,6.25,6.44,7486.34,48544.5615,195
1662076800000,2022-09-02,ICPEUR,6.36,6.43,6.14,6.28,3345.54,21059.308,157
1661990400000,2022-09-01,ICPEUR,6.25,6.36,6.06,6.34,3945.65,24536.2084,130
1661904000000,2022-08-31,ICPEUR,6.43,6.5,6.22,6.28,4915.81,31100.4155,171
1661817600000,2022-08-30,ICPEUR,6.68,6.82,6.18,6.29,9126.79,59234.9387,263
1661731200000,2022-08-29,ICPEUR,6.3,6.74,6.18,6.71,12633.51,81236.9357,309
1661644800000,2022-08-28,ICPEUR,6.3,6.64,6.12,6.34,20193.54,130260.2658,579
1661558400000,2022-08-27,ICPEUR,5.78,6.46,5.66,6.35,32070.73,192133.3914,657
1661472000000,2022-08-26,ICPEUR,6.37,6.37,5.7,5.77,29598.2,178781.0814,587
1661385600000,2022-08-25,ICPEUR,6.43,6.65,6.29,6.4,7581.38,49205.2601,217
1661299200000,2022-08-24,ICPEUR,6.43,6.66,6.29,6.49,5612.44,36306.2413,170
1661212800000,2022-08-23,ICPEUR,6.45,6.48,6.19,6.43,5282.69,33675.1093,204
1661126400000,2022-08-22,ICPEUR,6.45,6.45,6.13,6.42,7728.07,48556.1767,243
1661040000000,2022-08-21,ICPEUR,6.31,6.76,6.27,6.45,12592.35,81473.9694,338
1660953600000,2022-08-20,ICPEUR,6.47,6.73,6.09,6.32,15749.65,102483.5928,490
1660867200000,2022-08-19,ICPEUR,6.81,6.83,6.24,6.38,19813.23,128735.495,809
1660780800000,2022-08-18,ICPEUR,7.25,7.36,6.74,6.81,14763.25,105295.6075,672
1660694400000,2022-08-17,ICPEUR,7.69,8.09,7.22,7.22,17423.46,132573.9707,567
1660608000000,2022-08-16,ICPEUR,7.66,7.76,7.46,7.62,8055.05,61556.4235,335
1660521600000,2022-08-15,ICPEUR,7.8,7.99,7.5,7.56,9287.17,71335.5624,373
1660435200000,2022-08-14,ICPEUR,7.96,8.17,7.71,7.81,15300.25,121670.2472,522
1660348800000,2022-08-13,ICPEUR,8.18,8.32,7.97,7.99,7526.36,61112.0986,345
1660262400000,2022-08-12,ICPEUR,7.94,8.19,7.79,8.19,9450.91,75275.1338,397
1660176000000,2022-08-11,ICPEUR,8.1,8.47,7.81,7.94,23617.85,193404.2737,781
1660089600000,2022-08-10,ICPEUR,7.68,8.25,7.47,8.08,16725.0,131750.2698,622
1660003200000,2022-08-09,ICPEUR,8.1,8.22,7.43,7.73,14763.78,115445.3449,575
1659916800000,2022-08-08,ICPEUR,8.11,8.48,8.01,8.15,11671.61,96436.2858,469
1659830400000,2022-08-07,ICPEUR,8.15,8.21,7.97,8.11,7031.06,56820.8727,285
1659744000000,2022-08-06,ICPEUR,8.22,8.53,8.09,8.11,26284.16,219261.0511,882
1659657600000,2022-08-05,ICPEUR,7.82,8.24,7.77,8.22,12413.35,98967.7381,445
1659571200000,2022-08-04,ICPEUR,7.77,8.13,7.69,7.83,18101.14,142785.2239,675
1659484800000,2022-08-03,ICPEUR,7.87,8.24,7.54,7.75,20165.52,159810.2606,816
1659398400000,2022-08-02,ICPEUR,8.11,8.2,7.3,7.87,26867.47,206224.3369,871
1659312000000,2022-08-01,ICPEUR,8.89,9.13,7.88,8.15,34566.73,291022.4462,891
1659225600000,2022-07-31,ICPEUR,8.13,9.57,7.93,8.83,97062.94,866566.1613,2394
1659139200000,2022-07-30,ICPEUR,7.94,9.15,7.87,8.11,82183.45,688841.2756,1981
1659052800000,2022-07-29,ICPEUR,7.14,8.0,6.88,7.88,19966.9,147778.3463,577
1658966400000,2022-07-28,ICPEUR,7.01,7.31,6.83,7.13,11571.65,81885.0356,352
1658880000000,2022-07-27,ICPEUR,6.44,7.18,6.3,6.98,8587.24,57691.6738,246
1658793600000,2022-07-26,ICPEUR,6.06,6.5,5.9,6.5,8517.14,52434.2771,226
1658707200000,2022-07-25,ICPEUR,6.46,6.46,6.04,6.18,4568.21,28117.5124,171
1658620800000,2022-07-24,ICPEUR,6.57,6.66,6.39,6.43,5667.25,36922.1958,187
1658534400000,2022-07-23,ICPEUR,6.41,6.64,6.19,6.53,22071.6,139729.2883,403
1658448000000,2022-07-22,ICPEUR,6.75,6.99,6.28,6.4,7467.79,49184.1126,288
1658361600000,2022-07-21,ICPEUR,6.62,6.9,6.31,6.8,12828.27,85208.529,306
1658275200000,2022-07-20,ICPEUR,7.18,7.41,6.38,6.6,15903.05,109401.6116,466
1658188800000,2022-07-19,ICPEUR,7.41,7.55,7.02,7.12,9088.86,65545.6081,381
1658102400000,2022-07-18,ICPEUR,7.21,7.7,7.1,7.48,16455.7,122661.3516,524
1658016000000,2022-07-17,ICPEUR,6.97,7.55,6.78,7.13,10373.7,73869.0372,391
1657929600000,2022-07-16,ICPEUR,6.72,7.44,6.57,7.02,11955.16,85391.724,357
1657843200000,2022-07-15,ICPEUR,6.73,7.12,6.65,6.75,13623.25,94402.5645,435
1657756800000,2022-07-14,ICPEUR,6.48,6.91,6.29,6.8,9970.8,65780.858,312
1657670400000,2022-07-13,ICPEUR,6.26,6.51,5.89,6.48,12075.33,74496.0137,367
1657584000000,2022-07-12,ICPEUR,6.22,6.59,6.16,6.29,14178.07,90656.6435,422
1657497600000,2022-07-11,ICPEUR,6.27,6.85,6.07,6.26,17112.58,111990.2119,512
1657411200000,2022-07-10,ICPEUR,6.88,6.91,6.18,6.27,14449.67,94260.611,362
1657324800000,2022-07-09,ICPEUR,6.92,7.17,6.75,6.86,32569.69,225526.0791,743
1657238400000,2022-07-08,ICPEUR,6.09,7.34,5.9,6.94,43052.82,281783.5159,992
1657152000000,2022-07-07,ICPEUR,5.5,6.29,5.44,6.19,15825.74,93975.2185,431
1657065600000,2022-07-06,ICPEUR,5.43,5.6,5.26,5.52,8723.81,47641.045,238
1656979200000,2022-07-05,ICPEUR,5.37,5.54,5.15,5.37,7393.65,39546.4881,206
1656892800000,2022-07-04,ICPEUR,5.02,5.38,5.0,5.36,6571.6,34373.0572,187
1656806400000,2022-07-03,ICPEUR,5.0,5.08,4.95,5.02,2426.21,12135.1149,101
1656720000000,2022-07-02,ICPEUR,4.96,5.12,4.95,5.05,3271.37,16564.2275,124
1656633600000,2022-07-01,ICPEUR,5.07,5.21,4.92,5.0,3092.78,15564.5157,145
1656547200000,2022-06-30,ICPEUR,5.18,5.18,4.83,5.11,5322.11,26394.1805,192
1656460800000,2022-06-29,ICPEUR,5.23,5.33,5.02,5.15,8423.03,43467.1852,212
1656374400000,2022-06-28,ICPEUR,5.46,5.7,5.15,5.22,9912.34,54258.5639,238
1656288000000,2022-06-27,ICPEUR,5.42,5.79,5.4,5.46,8226.76,46219.2404,276
1656201600000,2022-06-26,ICPEUR,5.94,5.97,5.43,5.44,6495.99,37285.3812,200
1656115200000,2022-06-25,ICPEUR,5.73,6.12,5.64,5.97,6714.59,39523.4495,216
1656028800000,2022-06-24,ICPEUR,5.6,5.95,5.48,5.86,5329.5,30470.4389,176
1655942400000,2022-06-23,ICPEUR,5.23,5.59,5.23,5.48,9256.4,50308.9321,293
1655856000000,2022-06-22,ICPEUR,5.5,5.51,5.12,5.17,12809.03,67809.5897,441
1655769600000,2022-06-21,ICPEUR,5.48,5.94,5.38,5.52,17563.5,99089.5189,600
1655683200000,2022-06-20,ICPEUR,5.2,5.59,5.02,5.51,15242.32,81931.591,512
1655596800000,2022-06-19,ICPEUR,4.91,5.29,4.7,5.25,8954.51,44344.5387,336
1655510400000,2022-06-18,ICPEUR,5.22,5.25,4.41,4.97,27045.03,129425.3533,811
1655424000000,2022-06-17,ICPEUR,5.04,5.28,4.97,5.23,11970.06,61738.5789,368
1655337600000,2022-06-16,ICPEUR,5.77,5.78,4.98,5.08,22980.22,120867.2602,688
1655251200000,2022-06-15,ICPEUR,5.34,5.78,4.81,5.69,29793.97,153349.1329,943
1655164800000,2022-06-14,ICPEUR,5.21,5.67,4.96,5.37,19613.78,105068.636,683
1655078400000,2022-06-13,ICPEUR,5.39,5.8,4.96,5.21,39709.26,212328.2419,1271
1654992000000,2022-06-12,ICPEUR,5.67,6.14,5.2,5.36,46848.61,265467.887,1367
1654905600000,2022-06-11,ICPEUR,5.82,6.35,5.3,5.66,77870.99,454915.0616,2259
1654819200000,2022-06-10,ICPEUR,6.01,6.16,5.78,5.81,6693.28,39866.5145,245
1654732800000,2022-06-09,ICPEUR,6.04,6.49,5.94,6.03,8646.12,53274.8874,373
1654646400000,2022-06-08,ICPEUR,6.39,6.5,6.07,6.07,10326.74,64743.944,375
1654560000000,2022-06-07,ICPEUR,7.02,7.05,6.34,6.4,15644.23,101973.1316,568
1654473600000,2022-06-06,ICPEUR,6.93,7.46,6.93,7.15,8982.2,64748.2107,331
1654387200000,2022-06-05,ICPEUR,7.19,7.26,6.78,6.85,5690.53,39597.6669,241
1654300800000,2022-06-04,ICPEUR,7.4,7.43,7.0,7.19,12559.09,90341.8159,445
1654214400000,2022-06-03,ICPEUR,8.66,8.95,7.3,7.41,13395.27,107674.4215,599
1654128000000,2022-06-02,ICPEUR,7.14,9.1,7.06,8.82,18886.06,154829.4683,777
1654041600000,2022-06-01,ICPEUR,7.77,7.86,7.02,7.16,4195.38,31171.8793,214
1653955200000,2022-05-31,ICPEUR,7.54,8.12,7.44,7.73,9670.37,74967.6817,299
1653868800000,2022-05-30,ICPEUR,6.66,7.71,6.66,7.53,10967.91,79041.472,300
1653782400000,2022-05-29,ICPEUR,6.72,6.92,6.53,6.65,1615.47,10893.6057,99
1653696000000,2022-05-28,ICPEUR,6.53,6.91,6.29,6.84,3497.0,23268.5135,162
1653609600000,2022-05-27,ICPEUR,6.88,7.02,6.4,6.5,3069.88,20335.3795,172
1653523200000,2022-05-26,ICPEUR,7.31,7.36,6.48,6.88,5677.08,38854.6169,235
1653436800000,2022-05-25,ICPEUR,7.37,7.5,7.15,7.29,1743.66,12720.7061,100
1653350400000,2022-05-24,ICPEUR,7.32,7.39,6.9,7.37,6690.37,48028.1362,224
1653264000000,2022-05-23,ICPEUR,7.84,8.25,7.16,7.28,6211.28,48615.415,255
1653177600000,2022-05-22,ICPEUR,7.58,7.96,7.45,7.82,4841.88,37604.6929,167
1653091200000,2022-05-21,ICPEUR,7.38,7.8,7.35,7.54,2803.37,21247.1776,126
1653004800000,2022-05-20,ICPEUR,7.68,7.97,7.17,7.39,12667.74,95883.0854,233
1652918400000,2022-05-19,ICPEUR,7.19,7.84,7.0,7.52,2816.28,20988.5395,171
1652832000000,2022-05-18,ICPEUR,8.24,8.3,7.23,7.35,4965.6,37736.7566,195
1652745600000,2022-05-17,ICPEUR,7.83,8.28,7.74,8.18,8134.4,65552.4394,246
1652659200000,2022-05-16,ICPEUR,8.63,8.65,7.69,7.79,8265.28,68456.3053,253
1652572800000,2022-05-15,ICPEUR,8.14,8.85,7.77,8.85,14649.79,121583.0352,433
1652486400000,2022-05-14,ICPEUR,9.01,9.08,7.36,8.17,24414.2,195809.6839,767
1652400000000,2022-05-13,ICPEUR,6.96,9.97,6.84,8.92,52368.95,434704.1538,1517
1652313600000,2022-05-12,ICPEUR,7.07,7.59,5.29,6.94,43947.23,287132.1725,1334
1652227200000,2022-05-11,ICPEUR,10.04,10.31,6.68,7.04,62102.711,491850.97665,1704
1652140800000,2022-05-10,ICPEUR,9.48,11.02,9.18,10.04,17701.96,182427.75,547
1652054400000,2022-05-09,ICPEUR,11.42,11.46,9.42,9.42,13473.6,138074.5663,581
1651968000000,2022-05-08,ICPEUR,11.43,11.69,11.13,11.32,4514.89,51461.1266,200
1651881600000,2022-05-07,ICPEUR,11.82,11.92,11.12,11.5,3986.37,46567.0716,208
1651795200000,2022-05-06,ICPEUR,11.99,12.14,11.56,11.87,4877.34,58034.4102,294
1651708800000,2022-05-05,ICPEUR,13.5,13.74,11.64,12.13,16747.57,210445.9909,572
1651622400000,2022-05-04,ICPEUR,12.22,13.56,12.21,13.45,5763.37,74341.474,303
1651536000000,2022-05-03,ICPEUR,12.3,12.87,11.98,12.19,5976.79,74513.6462,315
1651449600000,2022-05-02,ICPEUR,12.36,12.63,11.75,12.49,6804.44,82658.139,370
1651363200000,2022-05-01,ICPEUR,11.83,12.68,11.57,12.42,15670.09,188863.2661,577
1651276800000,2022-04-30,ICPEUR,13.44,13.63,10.76,11.81,28002.99,338923.07,1066
1651190400000,2022-04-29,ICPEUR,14.44,14.48,12.99,13.37,10518.35,143270.5735,592
1651104000000,2022-04-28,ICPEUR,14.46,14.8,14.2,14.4,6512.46,94461.9935,330
1651017600000,2022-04-27,ICPEUR,14.13,14.67,13.88,14.6,4290.08,61688.2452,294
1650931200000,2022-04-26,ICPEUR,15.06,15.34,13.7,14.15,7030.16,102415.7937,426
1650844800000,2022-04-25,ICPEUR,14.93,15.11,14.08,15.09,12119.07,176235.7965,434
1650758400000,2022-04-24,ICPEUR,15.27,15.48,14.88,14.98,7279.59,110095.7616,299
1650672000000,2022-04-23,ICPEUR,15.4,15.95,15.27,15.35,6829.51,106641.5162,368
1650585600000,2022-04-22,ICPEUR,15.2,15.66,15.07,15.45,2435.03,37350.1866,195
1650499200000,2022-04-21,ICPEUR,15.86,16.31,14.91,15.17,4095.9,64625.7137,427
1650412800000,2022-04-20,ICPEUR,16.17,16.48,15.48,15.76,4145.34,65796.2957,414
1650326400000,2022-04-19,ICPEUR,15.92,16.44,15.6,16.17,4358.47,69821.7594,221
1650240000000,2022-04-18,ICPEUR,15.24,15.9,14.6,15.77,6395.34,97187.6251,340
1650153600000,2022-04-17,ICPEUR,16.24,16.61,15.14,15.23,7147.99,114356.1143,335
1650067200000,2022-04-16,ICPEUR,15.57,16.47,15.41,16.38,5872.25,93321.9468,219
1649980800000,2022-04-15,ICPEUR,15.26,15.7,15.18,15.57,1779.86,27529.9629,124
1649894400000,2022-04-14,ICPEUR,15.55,15.86,14.95,15.3,6981.22,107256.1193,293
1649808000000,2022-04-13,ICPEUR,15.41,15.73,14.99,15.56,6007.53,92478.6624,319
1649721600000,2022-04-12,ICPEUR,14.85,15.67,14.78,15.31,6882.3,104887.2174,397
1649635200000,2022-04-11,ICPEUR,15.92,16.1,14.44,14.85,11683.67,178757.0107,632
1649548800000,2022-04-10,ICPEUR,16.92,16.99,15.91,15.95,7227.48,119560.9263,367
1649462400000,2022-04-09,ICPEUR,16.57,16.97,16.42,16.93,7659.63,127750.5248,320
1649376000000,2022-04-08,ICPEUR,17.72,17.99,16.4,16.59,10076.49,174828.1249,516
1649289600000,2022-04-07,ICPEUR,17.32,17.89,16.96,17.85,7342.16,128160.7498,410
1649203200000,2022-04-06,ICPEUR,19.34,19.37,17.1,17.18,18521.0,336714.2516,916
1649116800000,2022-04-05,ICPEUR,20.09,20.79,19.09,19.36,19872.08,398871.8768,692
1649030400000,2022-04-04,ICPEUR,20.34,21.28,18.99,20.03,30362.52,604535.7069,825
1648944000000,2022-04-03,ICPEUR,19.11,20.65,18.72,20.48,13179.06,258472.4731,476
1648857600000,2022-04-02,ICPEUR,19.51,20.38,18.97,18.97,16528.27,322811.3122,750
1648771200000,2022-04-01,ICPEUR,18.99,19.8,18.13,19.57,14606.57,278757.9048,522
1648684800000,2022-03-31,ICPEUR,19.52,20.93,18.3,18.69,30419.59,593444.7374,1340
1648598400000,2022-03-30,ICPEUR,19.98,20.18,19.05,19.6,20599.89,407292.1041,878
1648512000000,2022-03-29,ICPEUR,19.82,20.99,19.32,19.94,26398.13,528741.0238,1315
1648425600000,2022-03-28,ICPEUR,19.95,21.4,19.29,19.67,29493.5,603537.079,1662
1648339200000,2022-03-27,ICPEUR,17.73,20.04,17.3,19.99,18247.79,344691.2357,1298
1648252800000,2022-03-26,ICPEUR,17.13,17.85,16.97,17.7,5298.87,92820.8876,334
1648166400000,2022-03-25,ICPEUR,17.65,18.18,16.97,17.11,8485.54,149510.4316,545
1648080000000,2022-03-24,ICPEUR,17.22,18.07,17.04,17.6,7530.07,131814.6731,575
1647993600000,2022-03-23,ICPEUR,16.51,17.69,16.15,17.25,16503.38,283220.0155,888
1647907200000,2022-03-22,ICPEUR,15.34,16.75,15.3,16.31,19414.86,310182.2684,650
1647820800000,2022-03-21,ICPEUR,15.26,16.0,14.73,15.4,136776.91,2135266.0823,891
1647734400000,2022-03-20,ICPEUR,15.93,16.06,15.07,15.21,5420.01,84400.0992,304
1647648000000,2022-03-19,ICPEUR,15.39,16.02,15.22,15.89,8553.95,134060.0107,307
1647561600000,2022-03-18,ICPEUR,14.93,15.4,14.62,15.32,8473.01,127050.2681,270
1647475200000,2022-03-17,ICPEUR,15.0,15.59,14.8,14.95,8537.57,128449.9179,319
1647388800000,2022-03-16,ICPEUR,14.45,14.98,14.24,14.88,10447.33,152328.6346,373
1647302400000,2022-03-15,ICPEUR,14.8,14.98,13.99,14.43,5389.62,77684.6749,272
1647216000000,2022-03-14,ICPEUR,14.44,14.75,14.29,14.75,3657.84,52927.5045,188
1647129600000,2022-03-13,ICPEUR,14.81,15.07,14.22,14.41,3825.56,56827.1592,175
1647043200000,2022-03-12,ICPEUR,14.68,15.28,14.68,14.76,3355.74,50520.6529,189
1646956800000,2022-03-11,ICPEUR,15.04,15.39,14.68,14.68,1979.65,29774.2762,193
1646870400000,2022-03-10,ICPEUR,15.82,15.86,14.55,15.12,4433.85,66144.6343,294
1646784000000,2022-03-09,ICPEUR,15.57,16.4,15.49,15.71,6263.12,100776.2155,314
1646697600000,2022-03-08,ICPEUR,15.27,15.64,15.09,15.36,2847.51,43930.9222,203
1646611200000,2022-03-07,ICPEUR,15.29,15.86,14.62,15.28,5393.27,82284.8073,391
1646524800000,2022-03-06,ICPEUR,16.22,16.27,15.26,15.26,2407.13,38018.0089,250
1646438400000,2022-03-05,ICPEUR,16.08,16.4,15.5,16.29,5315.82,84843.239,318
1646352000000,2022-03-04,ICPEUR,17.85,17.85,15.94,16.07,7509.59,127141.4741,506
1646265600000,2022-03-03,ICPEUR,17.28,18.73,17.03,17.94,11466.42,205940.9407,851
1646179200000,2022-03-02,ICPEUR,17.31,17.84,16.97,17.38,10738.52,186239.1666,620
1646092800000,2022-03-01,ICPEUR,18.0,18.23,17.16,17.37,9296.32,163790.4098,626
1646006400000,2022-02-28,ICPEUR,15.38,18.0,15.15,17.94,14885.29,249075.1175,755
1645920000000,2022-02-27,ICPEUR,15.54,16.68,15.14,15.36,5577.08,89148.7338,467
1645833600000,2022-02-26,ICPEUR,15.72,16.2,15.54,15.73,2966.64,46975.5679,264
1645747200000,2022-02-25,ICPEUR,14.77,15.91,14.65,15.67,4268.97,65144.9727,354
1645660800000,2022-02-24,ICPEUR,15.3,15.34,13.1,14.86,12381.161,173197.7667,880
1645574400000,2022-02-23,ICPEUR,15.87,16.31,15.17,15.31,5225.76,82781.9671,346
1645488000000,2022-02-22,ICPEUR,15.79,16.01,14.92,15.86,5787.303,89679.7042,370
1645401600000,2022-02-21,ICPEUR,16.44,17.13,15.7,15.77,7055.12,115696.1827,501
1645315200000,2022-02-20,ICPEUR,17.44,17.48,16.15,16.61,5769.8,96723.6066,415
1645228800000,2022-02-19,ICPEUR,17.39,18.04,16.99,17.71,3027.57,52978.1952,234
1645142400000,2022-02-18,ICPEUR,17.36,17.95,16.91,17.4,7118.3,124064.5876,558
1645056000000,2022-02-17,ICPEUR,19.45,19.71,17.26,17.46,13732.63,257215.7805,754
1644969600000,2022-02-16,ICPEUR,19.02,19.8,18.28,19.34,9085.66,174019.1733,683
1644883200000,2022-02-15,ICPEUR,18.42,19.2,18.23,19.15,6605.99,124386.9549,492
1644796800000,2022-02-14,ICPEUR,17.48,18.78,16.87,18.39,9720.16,175771.5175,611
1644710400000,2022-02-13,ICPEUR,17.8,18.33,17.19,17.4,4474.89,79082.5521,295
1644624000000,2022-02-12,ICPEUR,17.49,18.09,16.82,17.59,8418.13,148237.1515,564
1644537600000,2022-02-11,ICPEUR,18.88,19.37,17.1,17.45,9593.17,177536.2747,649
1644451200000,2022-02-10,ICPEUR,20.08,20.32,18.82,18.9,18674.02,368580.0884,858
1644364800000,2022-02-09,ICPEUR,20.18,20.46,19.64,20.21,8735.07,176517.9411,502
1644278400000,2022-02-08,ICPEUR,21.05,21.6,19.51,20.27,16813.82,343606.1398,972
1644192000000,2022-02-07,ICPEUR,20.51,21.38,19.89,20.97,18255.01,380494.7304,1025
1644105600000,2022-02-06,ICPEUR,19.5,21.2,19.5,20.45,23743.51,485478.8808,1283
1644019200000,2022-02-05,ICPEUR,19.37,20.23,19.17,19.51,10138.63,199880.0746,629
1643932800000,2022-02-04,ICPEUR,18.18,19.57,17.9,19.49,9569.63,178395.5108,586
1643846400000,2022-02-03,ICPEUR,19.33,19.55,17.54,18.2,9200.61,168556.6745,547
1643760000000,2022-02-02,ICPEUR,17.81,19.79,17.72,19.09,15396.92,291599.0365,879
1643673600000,2022-02-01,ICPEUR,17.55,18.26,17.55,17.89,10903.59,194510.264,443
1643587200000,2022-01-31,ICPEUR,17.31,17.83,16.65,17.68,8187.0,141355.0108,477
1643500800000,2022-01-30,ICPEUR,18.13,18.4,16.97,17.32,10727.58,190858.1473,510
1643414400000,2022-01-29,ICPEUR,18.21,19.21,18.03,18.1,8664.88,161236.5598,494
1643328000000,2022-01-28,ICPEUR,17.63,18.5,17.0,18.32,13093.63,234387.667,610
1643241600000,2022-01-27,ICPEUR,17.55,18.02,16.5,17.58,15685.65,272385.7049,770
1643155200000,2022-01-26,ICPEUR,17.77,19.28,17.56,17.66,27157.7,502263.9714,1186
1643068800000,2022-01-25,ICPEUR,18.31,18.93,17.44,17.81,12772.94,233392.1588,719
1642982400000,2022-01-24,ICPEUR,18.62,19.37,16.32,18.32,20407.82,356866.426,1207
1642896000000,2022-01-23,ICPEUR,18.1,19.59,17.77,18.75,11643.63,217296.9431,706
1642809600000,2022-01-22,ICPEUR,21.49,22.34,16.0,18.11,30104.368,564141.47822,2131
1642723200000,2022-01-21,ICPEUR,22.05,22.47,19.82,21.41,17624.52,372861.3486,1363
1642636800000,2022-01-20,ICPEUR,23.47,25.21,21.96,21.96,8146.03,191998.0105,703
1642550400000,2022-01-19,ICPEUR,25.91,26.12,23.12,23.49,11502.33,278624.7801,759
1642464000000,2022-01-18,ICPEUR,26.2,27.84,24.92,25.97,8963.43,235294.2587,728
1642377600000,2022-01-17,ICPEUR,27.47,27.47,25.13,26.0,9111.91,238474.0291,748
1642291200000,2022-01-16,ICPEUR,28.55,28.96,26.8,27.3,11627.13,323485.6364,874
1642204800000,2022-01-15,ICPEUR,28.45,29.75,27.91,28.55,8492.7,242694.9148,614
1642118400000,2022-01-14,ICPEUR,27.35,28.83,26.9,28.55,16873.81,469764.3865,1056
1642032000000,2022-01-13,ICPEUR,30.71,30.71,27.29,27.38,21893.37,635429.0873,1483
1641945600000,2022-01-12,ICPEUR,30.4,31.52,28.75,30.62,37031.05,1120433.4279,2136
1641859200000,2022-01-11,ICPEUR,30.36,32.68,29.67,30.36,22762.43,703179.2405,1568
1641772800000,2022-01-10,ICPEUR,31.88,33.25,28.58,30.24,33108.03,1014566.2303,2821
1641686400000,2022-01-09,ICPEUR,29.09,32.9,28.96,31.91,26864.11,838801.8186,2466
1641600000000,2022-01-08,ICPEUR,26.56,29.93,26.56,29.15,18758.03,535619.3517,1783
1641513600000,2022-01-07,ICPEUR,27.09,28.7,24.0,26.62,32283.51,850373.5923,2284
1641427200000,2022-01-06,ICPEUR,27.06,28.9,25.3,27.07,31174.62,837547.7686,2105
1641340800000,2022-01-05,ICPEUR,30.1,33.49,25.84,27.08,41259.48,1248334.557,3841
1641254400000,2022-01-04,ICPEUR,25.95,31.53,24.67,29.86,38376.04,1113652.8061,3571
1641168000000,2022-01-03,ICPEUR,24.0,26.06,23.41,25.95,17556.98,431943.6001,1536
1641081600000,2022-01-02,ICPEUR,22.59,25.15,22.41,24.14,17128.99,412416.3945,1202
1640995200000,2022-01-01,ICPEUR,21.51,22.91,21.51,22.55,10825.14,239818.9077,497
1640908800000,2021-12-31,ICPEUR,21.96,23.48,21.1,21.44,14859.94,330247.5226,785
1640822400000,2021-12-30,ICPEUR,21.1,22.99,20.52,21.9,11667.05,255812.6614,712
1640736000000,2021-12-29,ICPEUR,21.98,22.42,20.8,21.18,19249.4,416684.9004,912
1640649600000,2021-12-28,ICPEUR,24.84,24.84,21.6,21.9,26539.18,608286.7555,1702
1640563200000,2021-12-27,ICPEUR,23.67,26.4,23.6,25.02,20783.76,515456.9258,1571
1640476800000,2021-12-26,ICPEUR,24.13,24.76,22.89,23.63,16041.85,376419.6108,1073
1640390400000,2021-12-25,ICPEUR,24.36,25.44,23.56,24.21,11484.64,277922.2137,903
1640304000000,2021-12-24,ICPEUR,23.75,25.44,23.32,24.48,18099.29,442746.4639,1544
1640217600000,2021-12-23,ICPEUR,20.74,24.64,20.28,23.79,25033.75,570902.3986,1881
1640131200000,2021-12-22,ICPEUR,20.5,21.33,20.23,20.63,15878.09,329516.4683,887
1640044800000,2021-12-21,ICPEUR,19.33,20.8,19.0,20.51,15240.53,307450.9468,771
1639958400000,2021-12-20,ICPEUR,20.15,20.35,18.57,19.27,16977.188,326947.7185,961
1639872000000,2021-12-19,ICPEUR,21.09,21.59,19.94,20.16,15010.34,309127.6599,896
1639785600000,2021-12-18,ICPEUR,20.76,21.4,20.35,21.09,12828.43,269524.3345,793
1639699200000,2021-12-17,ICPEUR,21.53,21.94,20.22,20.74,20852.28,440824.6868,1060
1639612800000,2021-12-16,ICPEUR,23.03,23.41,21.41,21.49,12871.77,289387.9404,859
1639526400000,2021-12-15,ICPEUR,22.65,23.57,21.04,22.97,19192.56,427695.5742,1358
1639440000000,2021-12-14,ICPEUR,22.18,22.79,21.55,22.66,17213.57,382452.4706,1009
1639353600000,2021-12-13,ICPEUR,25.3,25.65,21.5,22.2,23983.9,556868.5351,1527
1639267200000,2021-12-12,ICPEUR,24.73,25.66,24.0,25.22,11384.44,282824.2174,763
1639180800000,2021-12-11,ICPEUR,23.8,25.26,23.14,24.73,9422.84,228828.5798,769
1639094400000,2021-12-10,ICPEUR,25.07,26.15,23.41,23.7,14903.13,369225.7704,1180
1639008000000,2021-12-09,ICPEUR,27.77,28.01,24.9,25.06,15846.26,415784.0176,965
1638921600000,2021-12-08,ICPEUR,26.21,29.54,25.85,27.84,21947.36,611284.0409,1691
1638835200000,2021-12-07,ICPEUR,26.85,27.7,25.87,26.21,18609.81,498422.7103,1146
1638748800000,2021-12-06,ICPEUR,26.93,27.06,23.68,26.85,26329.6,672828.3036,1635
1638662400000,2021-12-05,ICPEUR,28.47,28.81,25.14,26.87,19371.04,522380.8406,1520
1638576000000,2021-12-04,ICPEUR,33.6,33.8,21.79,28.44,76382.092,2068249.73654,6087
1638489600000,2021-12-03,ICPEUR,35.59,36.67,31.76,33.58,19182.985,659571.3841,1617
1638403200000,2021-12-02,ICPEUR,36.08,36.23,35.08,35.67,11438.55,406856.332,775
1638316800000,2021-12-01,ICPEUR,36.09,37.83,35.8,36.25,8838.88,325116.0349,966
1638230400000,2021-11-30,ICPEUR,37.2,37.83,35.6,36.0,14927.25,544461.2764,1327
1638144000000,2021-11-29,ICPEUR,37.22,37.83,36.41,37.21,13779.21,513969.2446,894
1638057600000,2021-11-28,ICPEUR,37.45,37.65,34.68,37.06,20564.59,741228.0208,1760
1637971200000,2021-11-27,ICPEUR,35.2,39.66,34.89,37.43,22550.02,857403.4002,2335
1637884800000,2021-11-26,ICPEUR,38.45,40.93,34.14,35.14,28447.97,1044851.2291,2716
1637798400000,2021-11-25,ICPEUR,36.27,39.38,36.08,38.39,9033.3,343441.8401,826
1637712000000,2021-11-24,ICPEUR,37.49,37.76,35.91,36.13,9791.37,357854.966,817
1637625600000,2021-11-23,ICPEUR,37.07,37.76,36.22,37.36,6903.29,256713.2357,664
1637539200000,2021-11-22,ICPEUR,38.53,38.59,36.36,37.06,15765.39,594340.876,1227
1637452800000,2021-11-21,ICPEUR,38.66,40.65,38.16,38.53,10668.46,422289.868,1192
1637366400000,2021-11-20,ICPEUR,37.27,39.32,36.56,38.68,26358.09,1007305.2464,1281
1637280000000,2021-11-19,ICPEUR,35.2,37.8,34.43,37.15,10687.49,392308.2938,872
1637193600000,2021-11-18,ICPEUR,37.96,38.34,33.6,34.98,15690.39,563946.7477,1385
1637107200000,2021-11-17,ICPEUR,37.82,38.48,35.96,38.0,10178.9,380377.923,1125
1637020800000,2021-11-16,ICPEUR,41.13,41.13,35.6,37.82,26508.1,1008713.7554,2555
1636934400000,2021-11-15,ICPEUR,42.55,43.09,40.53,41.35,11547.5,483962.6829,1277
1636848000000,2021-11-14,ICPEUR,42.66,43.77,41.18,42.43,15649.63,661431.0274,1423
1636761600000,2021-11-13,ICPEUR,40.7,43.05,39.89,42.61,10245.61,425487.2293,1300
1636675200000,2021-11-12,ICPEUR,41.84,42.61,38.93,40.94,17236.01,698547.9709,1791
1636588800000,2021-11-11,ICPEUR,42.14,43.03,40.64,41.85,20749.77,871136.6172,2255
1636502400000,2021-11-10,ICPEUR,45.45,47.3,37.86,42.15,29258.89,1267207.3641,4017
1636416000000,2021-11-09,ICPEUR,47.17,49.31,45.12,45.51,24082.94,1125431.753,2867
1636329600000,2021-11-08,ICPEUR,46.48,50.5,44.77,47.27,31739.55,1504797.4459,4402
1636243200000,2021-11-07,ICPEUR,42.97,46.89,42.5,46.74,16106.11,716451.0655,2149
1636156800000,2021-11-06,ICPEUR,42.9,45.27,40.54,42.96,17830.86,755639.9248,2357
1636070400000,2021-11-05,ICPEUR,39.93,47.75,39.38,42.97,46795.97,2079550.6602,5543
1635984000000,2021-11-04,ICPEUR,40.3,41.4,38.78,39.96,11501.07,460736.7468,1538
1635897600000,2021-11-03,ICPEUR,40.84,41.6,38.54,40.27,16396.34,655877.5668,1869
1635811200000,2021-11-02,ICPEUR,40.78,42.25,39.38,40.68,19370.15,792225.8805,2265
1635724800000,2021-11-01,ICPEUR,39.29,40.81,37.54,40.61,16183.37,638851.0736,1669
1635638400000,2021-10-31,ICPEUR,37.65,40.64,37.4,39.02,14351.82,558611.4217,2216
1635552000000,2021-10-30,ICPEUR,39.27,39.29,36.76,37.56,12474.13,472925.8703,1153
1635465600000,2021-10-29,ICPEUR,36.99,39.45,36.71,39.22,12060.33,459870.1191,1513
1635379200000,2021-10-28,ICPEUR,35.34,38.1,35.1,36.97,17451.83,641346.7533,1652
1635292800000,2021-10-27,ICPEUR,40.59,41.44,32.73,35.2,40568.129,1492714.394,4811
1635206400000,2021-10-26,ICPEUR,42.04,44.64,39.86,40.47,20818.08,881241.8629,2980
1635120000000,2021-10-25,ICPEUR,37.41,42.74,37.18,42.05,24163.52,966376.323,2627
1635033600000,2021-10-24,ICPEUR,39.13,39.16,36.34,37.35,17855.28,676194.4177,1615
1634947200000,2021-10-23,ICPEUR,38.77,39.77,38.0,39.14,7579.59,294568.6923,906
1634860800000,2021-10-22,ICPEUR,38.55,39.81,37.75,38.79,9432.95,366608.7657,1136
1634774400000,2021-10-21,ICPEUR,39.93,41.3,38.03,38.41,23255.82,919412.3411,2233
1634688000000,2021-10-20,ICPEUR,37.49,41.2,37.28,39.98,21384.2,836604.3182,1891
1634601600000,2021-10-19,ICPEUR,37.79,39.1,36.9,37.63,11904.54,450666.02,1192
1634515200000,2021-10-18,ICPEUR,38.0,38.33,36.39,37.83,11219.8,419519.4915,1401
1634428800000,2021-10-17,ICPEUR,39.58,40.3,36.22,38.0,17449.45,665034.4537,1822
1634342400000,2021-10-16,ICPEUR,37.1,40.8,36.92,39.58,21439.83,838949.854,2895
1634256000000,2021-10-15,ICPEUR,36.97,38.18,35.52,37.05,22072.21,810971.8451,2009
1634169600000,2021-10-14,ICPEUR,37.26,39.13,36.4,36.92,23604.91,886661.6298,1537
1634083200000,2021-10-13,ICPEUR,37.56,38.51,35.0,37.18,25347.1,917965.6761,1723
1633996800000,2021-10-12,ICPEUR,38.88,38.88,35.37,37.37,20628.75,762513.8833,1902
1633910400000,2021-10-11,ICPEUR,38.8,40.84,37.41,39.05,14426.23,566583.5728,1595
1633824000000,2021-10-10,ICPEUR,42.38,42.39,38.0,38.99,14822.48,597702.5859,1842
1633737600000,2021-10-09,ICPEUR,42.06,44.51,41.67,42.65,9571.12,410655.6561,1248
1633651200000,2021-10-08,ICPEUR,43.65,44.79,41.7,42.22,15797.98,687413.3163,1923
1633564800000,2021-10-07,ICPEUR,45.22,46.74,43.5,43.73,11330.63,512598.7436,2108
1633478400000,2021-10-06,ICPEUR,46.74,48.89,43.34,45.31,19713.53,913022.2555,2791
1633392000000,2021-10-05,ICPEUR,42.02,49.26,41.58,46.65,25566.32,1198567.4926,3725
1633305600000,2021-10-04,ICPEUR,43.14,43.14,40.4,42.11,9385.29,391681.2756,1043
1633219200000,2021-10-03,ICPEUR,42.76,44.27,41.43,43.24,11205.6,482980.6024,1410
1633132800000,2021-10-02,ICPEUR,44.7,45.23,41.95,42.63,11204.96,490397.0536,1643
1633046400000,2021-10-01,ICPEUR,39.1,45.4,38.82,44.55,17401.61,734132.1387,2089
1632960000000,2021-09-30,ICPEUR,38.37,39.41,37.5,39.1,11905.88,459159.0108,867
1632873600000,2021-09-29,ICPEUR,35.46,39.49,34.99,38.49,11794.48,441669.5125,1048
1632787200000,2021-09-28,ICPEUR,36.47,37.58,35.15,35.26,5748.76,209026.7093,636
1632700800000,2021-09-27,ICPEUR,37.5,40.05,36.32,36.47,10047.85,384826.8653,1263
1632614400000,2021-09-26,ICPEUR,39.32,39.44,34.02,37.47,20453.477,760180.5841,2217
1632528000000,2021-09-25,ICPEUR,39.72,40.45,37.88,39.41,6920.48,271063.2483,1022
1632441600000,2021-09-24,ICPEUR,43.49,44.13,36.14,39.52,19491.99,771921.6531,2210
1632355200000,2021-09-23,ICPEUR,42.84,44.92,42.06,43.36,14436.31,630044.4365,1853
1632268800000,2021-09-22,ICPEUR,38.48,44.42,37.93,43.0,17366.07,719559.9312,2115
1632182400000,2021-09-21,ICPEUR,40.56,43.04,36.26,38.55,16726.667,671260.19928,2254
1632096000000,2021-09-20,ICPEUR,49.02,49.04,38.9,40.81,43630.906,1861450.4126,4749
1632009600000,2021-09-19,ICPEUR,50.11,50.33,47.97,48.7,8103.63,398915.3682,1230
1631923200000,2021-09-18,ICPEUR,48.17,52.25,47.42,50.27,11615.52,586840.0302,1748
1631836800000,2021-09-17,ICPEUR,49.27,49.9,46.89,48.02,7564.14,364109.7511,1248
1631750400000,2021-09-16,ICPEUR,52.17,52.42,48.25,49.44,12368.29,623966.4357,1799
1631664000000,2021-09-15,ICPEUR,48.66,52.89,48.42,52.37,12997.22,660507.0131,1993
1631577600000,2021-09-14,ICPEUR,46.87,50.11,46.51,48.54,12101.5,585488.5536,2012
1631491200000,2021-09-13,ICPEUR,50.77,51.33,43.25,47.04,20441.375,959071.88518,3429
1631404800000,2021-09-12,ICPEUR,49.55,52.77,48.18,50.7,14439.19,736312.1173,2438
1631318400000,2021-09-11,ICPEUR,48.59,52.87,47.46,49.55,16544.9,834294.593,3096
1631232000000,2021-09-10,ICPEUR,52.03,53.79,46.43,48.59,25933.908,1290699.56272,3804
1631145600000,2021-09-09,ICPEUR,52.49,55.35,50.22,52.0,22249.38,1179562.1444,3813
1631059200000,2021-09-08,ICPEUR,52.77,54.93,47.5,52.8,24341.04,1246715.0373,4903
1630972800000,2021-09-07,ICPEUR,67.57,67.83,47.48,52.63,62201.4,3568979.1728,10616
1630886400000,2021-09-06,ICPEUR,67.07,73.55,65.0,67.32,40469.476,2784773.33505,7425
1630800000000,2021-09-05,ICPEUR,66.27,70.88,64.64,67.15,42053.969,2836355.95027,8628
1630713600000,2021-09-04,ICPEUR,55.65,66.93,55.43,66.48,37534.381,2280415.29468,7517
1630627200000,2021-09-03,ICPEUR,54.7,57.96,53.51,55.88,19894.84,1109858.331,3485
1630540800000,2021-09-02,ICPEUR,56.41,58.19,54.43,54.56,23909.63,1347277.4684,3738
1630454400000,2021-09-01,ICPEUR,53.69,56.78,51.84,56.3,16356.36,901077.3472,3721
1630368000000,2021-08-31,ICPEUR,55.64,57.9,53.03,53.75,21601.21,1192922.8415,5116
1630281600000,2021-08-30,ICPEUR,62.05,62.68,54.59,55.62,27352.99,1595071.0094,7457
1630195200000,2021-08-29,ICPEUR,55.64,64.03,52.55,61.99,35939.895,2097231.3185,8310
1630108800000,2021-08-28,ICPEUR,53.77,58.62,52.88,55.62,32392.331,1815014.44343,6462
1630022400000,2021-08-27,ICPEUR,48.74,54.46,46.9,53.56,20985.616,1068685.56066,4865
1629936000000,2021-08-26,ICPEUR,53.56,54.37,48.36,49.01,18189.967,916794.24836,5035
1629849600000,2021-08-25,ICPEUR,51.25,55.08,48.2,53.43,24849.324,1297460.65735,5448
1629763200000,2021-08-24,ICPEUR,56.39,57.43,49.44,51.24,21420.121,1148091.29568,4065
1629676800000,2021-08-23,ICPEUR,55.61,57.75,54.57,56.5,19063.541,1066465.25778,3168
1629590400000,2021-08-22,ICPEUR,55.66,57.62,53.34,55.64,11801.415,650742.90043,3053
1629504000000,2021-08-21,ICPEUR,58.09,59.66,54.96,55.53,17923.508,1019821.68471,4668
1629417600000,2021-08-20,ICPEUR,57.69,60.94,56.32,58.07,26456.675,1533040.31915,6497
1629331200000,2021-08-19,ICPEUR,50.77,59.75,50.06,57.63,39019.309,2195238.30992,10723
1629244800000,2021-08-18,ICPEUR,48.55,53.19,47.03,50.63,22696.275,1147501.21572,4326
1629158400000,2021-08-17,ICPEUR,52.79,55.08,47.07,48.55,28425.121,1477511.66263,6438
1629072000000,2021-08-16,ICPEUR,54.4,58.08,52.0,52.66,44009.794,2440686.29455,6662
1628985600000,2021-08-15,ICPEUR,55.17,55.63,50.28,54.35,24711.977,1314771.33256,3681
1628899200000,2021-08-14,ICPEUR,58.44,58.53,53.54,55.06,36897.033,2044458.34674,5385
1628812800000,2021-08-13,ICPEUR,55.4,59.7,53.97,58.44,40319.916,2300182.85078,5900
1628726400000,2021-08-12,ICPEUR,58.29,62.7,52.2,55.51,57524.157,3218672.49993,8360
1628640000000,2021-08-11,ICPEUR,61.96,66.61,57.0,58.42,77546.143,4754325.97465,10501
1628553600000,2021-08-10,ICPEUR,55.56,66.09,53.0,61.78,115389.091,7156662.38729,14747
1628467200000,2021-08-09,ICPEUR,47.89,59.49,45.5,55.5,108492.848,5899208.88919,12595
1628380800000,2021-08-08,ICPEUR,53.18,53.72,45.91,47.77,72636.447,3611126.5076,8343
1628294400000,2021-08-07,ICPEUR,41.36,57.0,41.03,53.18,144634.368,7424806.6919,16973
1628208000000,2021-08-06,ICPEUR,35.89,45.08,34.58,41.35,70980.097,2902985.79198,7672
1628121600000,2021-08-05,ICPEUR,33.65,36.47,32.75,35.89,17769.558,607887.99256,2294
1628035200000,2021-08-04,ICPEUR,32.81,34.52,32.26,33.58,12736.201,428379.69691,1507
1627948800000,2021-08-03,ICPEUR,34.31,34.62,32.06,32.79,16813.11,552950.79727,2041
1627862400000,2021-08-02,ICPEUR,34.92,35.41,33.95,34.22,12880.349,445660.87316,1616
1627776000000,2021-08-01,ICPEUR,35.67,37.92,34.69,35.09,21395.908,773285.78402,2628
1627689600000,2021-07-31,ICPEUR,35.69,37.3,34.14,35.67,20966.543,745316.27521,2304
1627603200000,2021-07-30,ICPEUR,35.16,36.32,32.55,35.66,21888.864,752521.20164,2407
1627516800000,2021-07-29,ICPEUR,34.7,35.59,33.32,34.97,19952.359,685002.84799,1915
1627430400000,2021-07-28,ICPEUR,35.04,37.33,33.57,34.76,37699.092,1333926.01536,3532
1627344000000,2021-07-27,ICPEUR,34.61,35.79,31.91,35.03,45607.572,1544830.8708,4427
1627257600000,2021-07-26,ICPEUR,36.41,41.13,34.43,34.57,62955.877,2387317.28839,5658
1627171200000,2021-07-25,ICPEUR,37.38,39.52,34.72,36.46,56620.414,2084825.5257,4756
1627084800000,2021-07-24,ICPEUR,29.65,39.2,29.12,37.24,70168.951,2447949.24883,5463
1626998400000,2021-07-23,ICPEUR,28.97,30.14,27.1,29.77,13630.162,391619.41069,1243
1626912000000,2021-07-22,ICPEUR,28.62,30.38,27.69,28.99,30466.562,887848.60397,2385
1626825600000,2021-07-21,ICPEUR,24.68,30.3,23.93,28.69,22900.533,642547.59408,2175
1626739200000,2021-07-20,ICPEUR,26.45,26.97,23.1,24.58,25687.658,631555.78118,2520
1626652800000,2021-07-19,ICPEUR,27.64,27.8,25.46,26.5,14347.521,380313.85931,1323
1626566400000,2021-07-18,ICPEUR,27.58,29.67,27.33,27.67,10392.835,294900.98247,1033
1626480000000,2021-07-17,ICPEUR,27.6,28.6,26.58,27.57,13959.628,386331.02097,1354
1626393600000,2021-07-16,ICPEUR,30.94,30.95,27.35,27.6,13760.244,403265.85865,1422
1626307200000,2021-07-15,ICPEUR,31.73,32.75,30.4,30.79,13444.585,421959.19527,1404
1626220800000,2021-07-14,ICPEUR,33.35,34.05,30.03,31.63,35404.401,1130172.58157,2818
1626134400000,2021-07-13,ICPEUR,31.3,34.15,30.0,33.32,27168.097,861416.618,2000
1626048000000,2021-07-12,ICPEUR,33.49,34.5,30.38,31.48,12716.59,412503.91779,1248
1625961600000,2021-07-11,ICPEUR,32.63,35.0,31.87,33.45,10971.927,369661.60483,1179
1625875200000,2021-07-10,ICPEUR,34.19,35.5,31.76,32.54,11750.488,391149.37446,1494
1625788800000,2021-07-09,ICPEUR,33.98,35.86,31.54,34.19,24777.805,836780.92364,2153
1625702400000,2021-07-08,ICPEUR,38.47,38.67,33.11,34.08,30161.662,1064772.50544,3064
1625616000000,2021-07-07,ICPEUR,38.98,40.62,38.21,38.42,17417.944,686354.24062,1944
1625529600000,2021-07-06,ICPEUR,39.21,40.76,38.05,39.02,30269.574,1189910.40389,2560
1625443200000,2021-07-05,ICPEUR,39.36,40.44,37.18,39.24,45671.806,1771037.51675,3353
1625356800000,2021-07-04,ICPEUR,40.97,42.99,39.15,39.36,35164.064,1439052.88834,3629
1625270400000,2021-07-03,ICPEUR,37.06,42.16,36.1,41.16,53028.424,2098489.23257,4414
1625184000000,2021-07-02,ICPEUR,38.49,40.0,34.96,36.98,61286.71,2222972.47178,4533
1625097600000,2021-07-01,ICPEUR,41.98,42.81,37.41,38.51,86133.855,3394784.85901,5849
1625011200000,2021-06-30,ICPEUR,45.68,46.16,36.5,42.15,116633.443,4721606.181,7851
1624924800000,2021-06-29,ICPEUR,42.79,49.99,39.31,45.68,73551.018,3211161.29491,6147
1624838400000,2021-06-28,ICPEUR,35.69,43.21,33.96,42.86,62887.637,2340915.75215,5287
1624752000000,2021-06-27,ICPEUR,25.3,38.82,24.76,35.58,54868.263,1631325.38735,3511
1624665600000,2021-06-26,ICPEUR,26.3,28.31,23.71,25.3,47907.052,1201645.55364,2641
1624579200000,2021-06-25,ICPEUR,29.26,30.77,25.73,26.12,36175.525,1007088.91638,2400
1624492800000,2021-06-24,ICPEUR,31.59,32.6,27.85,28.98,28702.942,853482.54283,1759
1624406400000,2021-06-23,ICPEUR,28.96,34.52,27.58,31.58,24615.041,771832.19116,1777
1624320000000,2021-06-22,ICPEUR,30.43,33.64,26.83,28.87,31896.868,978374.10667,3638
1624233600000,2021-06-21,ICPEUR,39.73,40.04,30.43,31.0,43045.441,1475043.35383,3598
1624147200000,2021-06-20,ICPEUR,41.35,42.81,37.39,39.61,20933.729,842652.07603,2020
1624060800000,2021-06-19,ICPEUR,40.96,46.19,39.2,41.26,34657.915,1482724.75292,2490
1623974400000,2021-06-18,ICPEUR,45.23,46.61,39.55,40.89,17028.231,723369.99985,2175
1623888000000,2021-06-17,ICPEUR,46.23,50.34,42.52,45.33,14141.758,648632.4214,2127
1623801600000,2021-06-16,ICPEUR,49.7,49.95,45.11,46.1,8098.129,382151.20658,1806
1623715200000,2021-06-15,ICPEUR,54.96,57.0,48.24,49.9,14376.616,741820.89545,2057
1623628800000,2021-06-14,ICPEUR,53.47,59.69,51.25,55.36,9069.753,496037.89911,1642
1623542400000,2021-06-13,ICPEUR,50.21,55.07,47.5,53.01,9077.599,466743.04785,1546
1623456000000,2021-06-12,ICPEUR,48.94,59.69,43.75,50.58,9617.726,479462.74786,1646
1623369600000,2021-06-11,ICPEUR,54.61,59.48,46.59,48.92,7566.867,397007.75013,1542
1623283200000,2021-06-10,ICPEUR,68.1,70.05,54.05,54.94,11045.377,662790.17013,2148
1623196800000,2021-06-09,ICPEUR,67.5,73.0,63.5,66.98,7274.256,489127.09263,1028
1623110400000,2021-06-08,ICPEUR,75.9,86.5,63.16,67.52,8195.632,577479.02408,1306
1623024000000,2021-06-07,ICPEUR,86.5,95.0,73.71,75.89,6358.941,528365.44096,1076
1622937600000,2021-06-06,ICPEUR,85.92,91.03,84.79,86.27,2194.807,191589.31369,405
1622851200000,2021-06-05,ICPEUR,90.9,98.9,82.56,86.0,3292.075,294871.15045,747
1622764800000,2021-06-04,ICPEUR,89.08,99.5,82.0,89.56,3954.501,365029.01703,946
